1,57.27238095238096,74.36285714285712,112.15809523809524,0.0
1,56.417142857142856,73.17333333333335,110.53047619047616,0.0
1,58.57523809523809,75.80952380952381,113.75238095238096,0.0
1,57.21666666666666,74.62666666666667,113.17952380952381,0.0
1,57.03333333333334,74.06809523809522,112.70095238095237,0.0
1,56.26380952380952,73.44809523809525,111.25428571428571,0.0
1,81.77142857142856,94.36761904761904,124.99714285714283,0.0
1,143.7695238095238,150.3252380952381,164.49666666666667,0.0
1,58.22000000000001,75.87857142857143,114.25857142857144,0.0
1,57.50238095238095,74.05619047619047,111.4890476190476,0.0
1,58.10761904761906,75.12857142857145,112.06571428571431,0.0
1,55.10666666666667,72.36190476190475,110.3080952380952,0.0
1,58.34380952380953,74.69904761904765,111.67428571428573,0.0
1,57.51095238095238,73.93238095238095,111.1052380952381,0.0
1,58.11904761904763,75.14285714285712,113.75857142857141,0.0
1,55.6647619047619,73.19952380952382,112.01809523809523,0.0
1,56.77190476190475,73.84238095238095,112.22904761904763,0.0
1,58.21142857142858,74.32714285714285,110.87952380952376,0.0
1,56.86285714285714,73.64999999999999,110.99809523809522,0.0
1,57.50857142857143,73.97857142857143,111.54904761904763,0.0
1,58.408095238095235,75.01285714285714,112.42476190476191,0.0
1,57.861904761904746,74.74571428571429,112.67285714285713,0.0
1,58.00333333333333,74.92142857142858,113.26142857142858,0.0
1,57.05095238095239,73.38,110.64238095238095,0.0
1,58.7490476190476,75.48523809523809,113.03142857142856,0.0
1,58.328571428571436,74.74285714285713,111.71666666666667,0.0
1,57.43619047619048,73.78,110.8704761904762,0.0
1,59.05476190476192,75.4804761904762,112.1961904761905,0.0
1,54.80761904761904,71.92571428571429,109.14904761904762,0.0
1,56.331428571428575,73.60619047619049,111.93714285714285,0.0
1,58.14952380952381,74.32857142857144,110.93857142857144,0.0
1,57.39999999999999,74.31666666666666,111.65809523809524,0.0
1,56.22285714285714,73.20476190476191,111.6542857142857,0.0
1,57.68904761904762,73.81476190476194,110.11619047619048,0.0
1,56.83190476190475,73.46285714285715,110.92904761904758,0.0
1,57.0047619047619,73.56380952380952,110.64809523809524,0.0
1,87.08523809523805,91.12285714285714,110.23809523809521,0.0
1,58.5652380952381,69.13571428571427,95.56809523809525,0.0
1,36.883809523809525,37.63428571428572,40.08761904761905,0.0
1,53.25142857142858,71.43666666666667,113.11095238095238,0.0
1,51.72809523809523,70.70857142857142,112.81285714285713,0.0
1,53.354285714285716,71.43095238095239,113.58142857142859,0.0
1,53.575238095238106,71.65571428571428,113.14761904761905,0.0
1,52.74666666666667,70.12047619047618,110.85095238095238,0.0
1,53.19238095238096,71.07190476190476,112.4819047619048,0.0
1,53.368095238095236,71.69142857142857,113.21190476190475,0.0
1,53.24619047619048,71.40714285714284,113.26714285714286,0.0
1,52.46142857142858,69.98809523809524,110.63428571428572,0.0
1,52.76904761904761,70.68714285714285,111.68761904761905,0.0
1,52.96476190476191,70.74666666666667,112.62238095238096,0.0
2,210.30523809523808,97.57333333333331,84.16952380952382,0.0
2,207.9885714285714,87.58619047619047,76.75809523809522,0.0
2,210.0004761904762,90.49619047619048,79.03190476190477,0.0
2,211.0871428571429,95.06142857142856,82.56190476190476,0.0
2,209.31904761904767,89.44714285714285,78.1352380952381,0.0
2,210.3938095238095,90.37,78.47,0.0
2,210.96857142857144,94.76857142857142,82.32761904761904,0.0
2,210.74428571428572,90.35714285714286,78.28142857142858,0.0
2,210.67333333333335,91.16142857142856,79.33190476190478,0.0
2,211.00857142857149,89.12095238095239,78.49476190476192,0.0
2,215.68142857142854,94.42333333333335,82.90380952380953,0.0
2,213.75333333333336,94.3247619047619,81.84619047619046,0.0
2,211.09380952380954,88.56714285714285,75.96333333333334,0.0
2,212.2409523809523,89.9952380952381,77.59904761904762,0.0
2,212.81142857142856,95.76952380952382,83.1247619047619,0.0
2,212.34380952380948,91.09285714285714,78.8252380952381,0.0
2,212.67952380952383,95.28476190476191,82.60047619047619,0.0
2,213.38714285714286,92.69809523809525,80.72095238095237,0.0
2,213.057619047619,95.64190476190477,82.40333333333331,0.0
2,212.96666666666673,91.28428571428573,79.66190476190475,0.0
0,82.19142857142859,107.97809523809524,54.44666666666667,0.0
0,82.3052380952381,107.97,54.2457142857143,0.0
0,81.86190476190475,107.54904761904763,54.09952380952382,0.0
0,81.16619047619047,106.90809523809523,53.48095238095239,0.0
0,86.14761904761906,109.61619047619045,57.013333333333335,0.0
0,69.48142857142857,91.64238095238095,43.22809523809523,0.0
0,72.33,94.98666666666668,46.21952380952381,0.0
0,77.08095238095238,100.22999999999999,50.5052380952381,0.0
0,78.54095238095236,101.18857142857144,52.207142857142856,0.0
0,68.07190476190478,90.03190476190477,42.52857142857143,0.0
0,69.3557142857143,90.70857142857142,43.49047619047619,0.0
0,71.07333333333332,93.34904761904762,44.93714285714285,0.0
0,70.22428571428571,91.97476190476189,44.70238095238095,0.0
0,66.90142857142857,89.0104761904762,42.00809523809524,0.0
0,68.75142857142858,90.77142857142859,43.3747619047619,0.0
0,70.37333333333332,91.83142857142855,44.0995238095238,0.0
0,68.7642857142857,90.79809523809523,42.522380952380956,0.0
0,70.51761904761906,92.2452380952381,44.082380952380944,0.0
0,70.46619047619048,92.38761904761903,44.43714285714285,0.0
0,71.82857142857144,93.72380952380952,45.343809523809526,0.0
0,70.41333333333333,92.9490476190476,43.843333333333334,0.0
0,69.35619047619049,91.31761904761905,42.75142857142857,0.0
0,69.09761904761905,91.23,42.679047619047616,0.0
0,69.09904761904762,91.07857142857142,42.186666666666675,0.0
0,69.63428571428571,91.58809523809525,42.485238095238095,0.0
0,67.32285714285713,89.31142857142856,41.647142857142846,0.0
0,66.64999999999999,88.37380952380951,41.48809523809524,0.0
0,66.4,88.18619047619046,41.06857142857143,0.0
0,66.36,88.27904761904762,40.54714285714285,0.0
0,66.99761904761905,88.48857142857143,41.39714285714286,0.0
0,66.17904761904761,87.74761904761905,41.506190476190476,0.0
0,76.15333333333334,144.69285714285712,97.89666666666666,0.0
0,77.73380952380954,146.22095238095235,98.8838095238095,0.0
0,76.89714285714287,143.38238095238094,96.68428571428569,0.0
0,77.46238095238094,144.21809523809526,96.89285714285714,0.0
0,77.66809523809525,144.2514285714286,96.91904761904762,0.0
0,77.37619047619049,144.23714285714289,96.96190476190475,0.0
0,77.95428571428572,143.45333333333335,96.40571428571431,0.0
0,76.86333333333333,142.56619047619049,95.54190476190476,0.0
0,76.2657142857143,140.01714285714286,93.83952380952381,0.0
0,69.99714285714285,133.08142857142857,87.72999999999999,0.0
0,90.30857142857144,127.82476190476191,100.25904761904762,0.0
0,68.23714285714287,127.43142857142857,84.35904761904762,0.0
0,67.19571428571429,126.11190476190474,83.07095238095239,0.0
0,66.41809523809522,124.76285714285714,80.9047619047619,0.0
0,65.7004761904762,123.44047619047622,80.04190476190477,0.0
0,63.24142857142858,119.64047619047622,76.9452380952381,0.0
0,62.09714285714284,117.93571428571428,75.47761904761904,0.0
0,61.32666666666666,117.29047619047618,74.61666666666667,0.0
0,61.00142857142856,115.9285714285714,73.9509523809524,0.0
0,61.41952380952381,117.05333333333331,74.79714285714284,0.0
0,60.906666666666666,115.87190476190476,73.58285714285714,0.0
0,61.869999999999976,117.28190476190474,74.40142857142857,0.0
0,65.19142857142857,121.57714285714285,78.2857142857143,0.0
0,66.65761904761904,124.64333333333332,81.17999999999999,0.0
0,68.42238095238096,128.0952380952381,84.69142857142856,0.0
0,73.11571428571429,135.37238095238095,90.41666666666667,0.0
0,74.23857142857143,137.45714285714286,92.68190476190478,0.0
0,77.26380952380953,142.68047619047624,96.61142857142856,0.0
0,76.29857142857144,141.80619047619047,96.29285714285714,0.0
0,75.3852380952381,140.43904761904764,94.24285714285713,0.0
0,77.97190476190478,144.5561904761905,98.10714285714286,0.0
0,76.10285714285716,141.0095238095238,95.30904761904762,0.0
0,76.15952380952382,141.70714285714288,96.26142857142855,0.0
0,76.33999999999999,142.10619047619048,96.35857142857144,0.0
0,77.63333333333333,144.49476190476196,98.35238095238098,0.0
0,77.93571428571428,144.84142857142854,99.03095238095239,0.0
0,83.15476190476191,140.5138095238095,97.16809523809525,0.0
0,79.69047619047618,142.9804761904762,95.34380952380953,0.0
0,94.71333333333334,155.55999999999995,105.36190476190475,0.0
0,92.53380952380951,151.69619047619048,101.9314285714286,0.0
0,88.85571428571427,146.3742857142857,97.28619047619047,0.0
0,87.63761904761903,143.63857142857148,95.27333333333335,0.0
0,90.19428571428573,146.72380952380954,97.72476190476189,0.0
0,88.49476190476192,144.56714285714284,95.97571428571428,0.0
0,87.0538095238095,142.11095238095243,93.43142857142857,0.0
0,87.48380952380951,142.00857142857143,93.22285714285715,0.0
0,86.05523809523808,140.81619047619046,92.59095238095237,0.0
0,85.07523809523809,139.58142857142857,91.14476190476189,0.0
0,85.50809523809524,140.41904761904763,91.82619047619048,0.0
0,86.06761904761905,141.30571428571426,93.80380952380952,0.0
0,85.89571428571429,141.05809523809526,94.04714285714284,0.0
0,88.6895238095238,145.57999999999998,98.26142857142858,0.0
0,86.17,141.42714285714288,93.10714285714288,0.0
0,105.54523809523809,134.86619047619047,110.33666666666667,0.0
0,92.73761904761903,152.28095238095239,103.78238095238099,0.0
0,91.18857142857142,151.4152380952381,103.08238095238096,0.0
0,91.40904761904761,151.70142857142858,102.81666666666665,0.0
0,91.86571428571426,151.65333333333328,103.27380952380952,0.0
0,90.85904761904763,150.46523809523813,102.53333333333333,0.0
0,90.25857142857141,150.41,102.67619047619048,0.0
0,90.51380952380953,151.6090476190476,103.07666666666667,0.0
0,93.54619047619046,151.4066666666667,104.79999999999998,0.0
0,89.73095238095237,149.31142857142856,102.13809523809522,0.0
0,88.53857142857143,146.96619047619046,100.32000000000001,0.0
0,88.91857142857143,146.3357142857143,99.3752380952381,0.0
0,87.69190476190477,145.3538095238095,98.36666666666666,0.0
0,89.12380952380951,145.4980952380952,99.00809523809522,0.0
0,90.14142857142856,147.02523809523805,99.51857142857142,0.0
0,85.27904761904763,140.50952380952384,93.47952380952381,0.0
0,89.58142857142856,138.37761904761905,92.79476190476191,0.0
0,86.67571428571426,137.94857142857146,91.66809523809525,0.0
0,84.10571428571427,139.3814285714286,92.93809523809524,0.0
0,89.03047619047618,148.16714285714284,99.95238095238093,0.0
0,89.27285714285715,149.5047619047619,100.48428571428572,0.0
0,92.76142857142858,154.74714285714288,104.86857142857144,0.0
0,92.46476190476191,154.42000000000002,104.45666666666665,0.0
0,92.77857142857144,158.28380952380954,106.07285714285713,0.0
0,91.37047619047618,155.01095238095238,103.56714285714285,0.0
0,89.45238095238096,151.95619047619047,101.59380952380954,0.0
0,89.84380952380954,152.96809523809523,101.7909523809524,0.0
0,83.04142857142857,141.57,93.4852380952381,0.0
0,82.28380952380951,141.20333333333332,93.34666666666666,0.0
0,76.06,132.19,86.5442857142857,0.0
0,69.38095238095238,121.81142857142856,77.95666666666668,0.0
0,69.2147619047619,121.43476190476191,77.63238095238096,0.0
0,78.93142857142857,146.24666666666667,97.65904761904763,0.0
0,81.15238095238094,151.31714285714284,101.81952380952382,0.0
0,80.82523809523809,150.15380952380954,100.55333333333336,0.0
0,69.67714285714285,129.14190476190475,84.23714285714287,0.0
0,90.56333333333335,147.96095238095242,97.6952380952381,0.0
0,91.76142857142857,150.64000000000001,98.77380952380952,0.0
0,92.51142857142857,151.62952380952382,99.79333333333332,0.0
0,91.66142857142856,153.1457142857143,101.0152380952381,0.0
0,92.2747619047619,154.68285714285713,103.09000000000002,0.0
0,91.46714285714286,152.88238095238094,101.14952380952383,0.0
0,91.33761904761906,152.96571428571426,101.61190476190474,0.0
0,87.95142857142856,145.72190476190477,96.48714285714284,0.0
0,92.88285714285715,147.42000000000002,100.42142857142855,0.0
0,105.92380952380952,169.94190476190477,115.16095238095238,0.0
0,89.85666666666668,148.2080952380952,99.52714285714285,0.0
0,96.05904761904763,157.15047619047618,106.8747619047619,0.0
0,97.85428571428572,159.10999999999999,108.13714285714286,0.0
0,104.99000000000002,165.92,114.09761904761903,0.0
0,105.94666666666669,161.9504761904762,112.09476190476194,0.0
0,104.34857142857142,163.09095238095242,111.97142857142858,0.0
0,99.62380952380951,159.25714285714287,108.8404761904762,0.0
0,99.01333333333332,158.53761904761905,107.60380952380953,0.0
0,98.93047619047618,157.50809523809525,106.79999999999998,0.0
0,98.65904761904763,157.55857142857144,107.39714285714287,0.0
0,102.38476190476192,158.18047619047616,107.74476190476192,0.0
0,102.43190476190478,155.78666666666666,105.98476190476192,0.0
0,99.50666666666666,155.15809523809523,105.47238095238096,0.0
0,100.57047619047619,155.5147619047619,105.20380952380951,0.0
0,100.59476190476191,154.6752380952381,104.95666666666668,0.0
0,98.34904761904761,157.2442857142857,105.81523809523809,0.0
0,106.40428571428575,161.76285714285717,112.4452380952381,0.0
0,98.10095238095239,155.13380952380953,105.08095238095237,0.0
0,97.64428571428569,154.9147619047619,105.63380952380952,0.0
0,97.24333333333333,155.83904761904762,105.8609523809524,0.0
0,98.68238095238095,157.24571428571426,107.54809523809523,0.0
0,98.65095238095239,157.2166666666667,107.81428571428572,0.0
0,99.08238095238096,157.7690476190476,107.79857142857142,0.0
0,100.87523809523807,162.79285714285712,111.58047619047619,0.0
0,98.71190476190478,159.31571428571434,108.7257142857143,0.0
0,100.14380952380952,160.58380952380952,110.05238095238094,0.0
0,100.52380952380952,160.8438095238095,110.12714285714286,0.0
0,96.41809523809523,152.81142857142856,103.87142857142858,0.0
0,100.03333333333333,158.05238095238096,105.73809523809526,0.0
0,101.48047619047622,130.3409523809524,102.35571428571427,0.0
0,86.45714285714284,143.0595238095238,94.94238095238093,0.0
0,86.02666666666667,133.52238095238096,87.43809523809526,0.0
0,88.96523809523809,133.5761904761905,87.99285714285716,0.0
0,85.99619047619048,134.35999999999999,87.4647619047619,0.0
0,86.77714285714285,135.04142857142855,88.18142857142857,0.0
0,84.40142857142858,134.95333333333335,87.77619047619048,0.0
0,86.54999999999998,138.90428571428572,90.78523809523809,0.0
0,87.36809523809524,140.28238095238095,91.35904761904763,0.0
0,89.44571428571427,144.47857142857143,95.41238095238094,0.0
0,93.39333333333332,149.69142857142853,99.56952380952379,0.0
0,90.90476190476191,146.9261904761905,97.64380952380952,0.0
0,87.70761904761908,145.79333333333335,96.99857142857142,0.0
0,91.52428571428572,149.68095238095236,99.3847619047619,0.0
0,92.84857142857142,152.90285714285713,101.68047619047618,0.0
0,85.27428571428572,142.92666666666665,94.91571428571429,0.0
0,83.90523809523809,142.29571428571424,95.58904761904762,0.0
0,84.00380952380954,141.09047619047618,94.62238095238095,0.0
0,82.90666666666665,140.3614285714286,93.94619047619047,0.0
0,86.70952380952382,144.46666666666664,96.50238095238095,0.0
0,88.96238095238097,147.43619047619046,98.92999999999999,0.0
0,88.42380952380951,146.9419047619048,98.67,0.0
0,87.46619047619048,145.17857142857142,97.49285714285715,0.0
0,89.7004761904762,148.36190476190478,99.47000000000001,0.0
0,90.26428571428572,151.0561904761905,101.58333333333333,0.0
0,90.64904761904762,151.5952380952381,101.5842857142857,0.0
0,91.24619047619048,150.81285714285713,101.10857142857142,0.0
0,90.02095238095238,149.6038095238095,100.23714285714284,0.0
0,89.76333333333334,149.3395238095238,99.75809523809527,0.0
0,89.2895238095238,148.3704761904762,99.61285714285714,0.0
0,88.17238095238095,145.87190476190477,97.4166666666667,0.0
0,86.47619047619047,143.61095238095237,94.93666666666668,0.0
0,84.83238095238096,139.46571428571428,92.04190476190476,0.0
0,85.01000000000002,141.15666666666667,92.42,0.0
0,83.47809523809524,137.83809523809526,89.74952380952381,0.0
0,87.24190476190476,132.37428571428575,86.78761904761907,0.0
0,84.72428571428573,135.04047619047617,87.0495238095238,0.0
0,96.04761904761905,153.43809523809526,100.83571428571429,0.0
0,98.66666666666664,154.79714285714286,103.52380952380952,0.0
0,98.65333333333332,155.12238095238092,103.41285714285715,0.0
0,98.65047619047621,161.7814285714286,108.63666666666666,0.0
0,112.01333333333332,183.0680952380952,125.2852380952381,0.0
0,116.86761904761906,193.7538095238095,133.58761904761909,0.0
0,117.04285714285714,193.37380952380957,133.15809523809526,0.0
0,115.18714285714285,188.95666666666668,128.80238095238096,0.0
0,116.46142857142857,190.8604761904762,129.88476190476192,0.0
0,115.59619047619047,190.49619047619043,129.48523809523806,0.0
0,110.28571428571429,182.3742857142857,123.54666666666665,0.0
0,112.36285714285717,183.04333333333332,125.92285714285715,0.0
0,111.72619047619048,182.58666666666667,125.21047619047617,0.0
0,114.58285714285714,185.26523809523812,128.32857142857142,0.0
0,114.68857142857141,185.25238095238097,129.0109523809524,0.0
0,108.87,175.4961904761905,120.92285714285715,0.0
0,102.30809523809523,162.20857142857142,111.97238095238096,0.0
0,102.03095238095236,164.59761904761905,114.10428571428572,0.0
0,99.74666666666666,161.68904761904764,114.14190476190477,0.0
0,99.85428571428574,161.09809523809523,113.03761904761905,0.0
0,100.74142857142859,162.8409523809524,114.51666666666668,0.0
0,99.78619047619048,161.6104761904762,113.91190476190476,0.0
0,104.06000000000002,165.51952380952383,117.57,0.0
0,102.87285714285714,167.6809523809524,119.36619047619048,0.0
0,95.99857142857142,149.25285714285715,105.31476190476191,0.0
0,96.36380952380954,147.46857142857144,103.79333333333335,0.0
0,99.5957142857143,159.8038095238095,112.72380952380952,0.0
0,100.93714285714287,159.5147619047619,113.46190476190475,0.0
0,101.51,161.25809523809525,114.33666666666666,0.0
0,103.11857142857144,162.31238095238095,114.93333333333335,0.0
0,100.19047619047619,156.1509523809524,110.96285714285713,0.0
0,97.51714285714284,153.05904761904762,107.62523809523807,0.0
0,97.93666666666667,153.7452380952381,108.01571428571428,0.0
0,98.78095238095239,154.41666666666666,109.02523809523808,0.0
0,96.75380952380954,150.23333333333332,105.17238095238095,0.0
0,93.88714285714286,145.22380952380954,100.13857142857144,0.0
0,95.2042857142857,146.45333333333332,102.1347619047619,0.0
0,95.75285714285715,143.61619047619052,100.93619047619049,0.0
0,96.32952380952382,146.89238095238093,101.02190476190478,0.0
0,88.60952380952378,134.35142857142858,91.00714285714285,0.0
0,78.23904761904761,137.76666666666665,93.53619047619047,0.0
0,72.68380952380953,134.22761904761907,89.64380952380954,0.0
0,71.58428571428571,132.64999999999998,88.9952380952381,0.0
0,71.63047619047619,133.20761904761903,88.71095238095238,0.0
0,71.38571428571429,132.88142857142856,88.39095238095236,0.0
0,70.85095238095239,131.76904761904763,87.54619047619049,0.0
0,70.77714285714285,132.17761904761906,88.15523809523809,0.0
0,71.60333333333334,133.24,88.95809523809524,0.0
0,70.71142857142857,131.86333333333334,88.12238095238096,0.0
0,70.50428571428571,131.9142857142857,87.7095238095238,0.0
0,70.75761904761904,132.40761904761908,88.20095238095239,0.0
0,70.51809523809527,131.61761904761903,87.15238095238095,0.0
0,70.56238095238095,131.82,87.49047619047619,0.0
0,70.92857142857142,132.5747619047619,88.06761904761906,0.0
0,71.08761904761904,132.80333333333334,88.72666666666666,0.0
0,71.08999999999999,132.77285714285713,87.7685714285714,0.0
0,70.90523809523809,132.36714285714288,88.05857142857143,0.0
0,70.00238095238096,131.11809523809524,86.96428571428571,0.0
0,69.21095238095238,130.25904761904764,86.46,0.0
0,71.35238095238095,133.35571428571427,88.87333333333333,0.0
0,73.84,136.9604761904762,90.31190476190477,0.0
0,74.02761904761907,137.3461904761905,90.43714285714285,0.0
0,73.12523809523809,136.61047619047616,89.52000000000001,0.0
0,73.41380952380953,136.82285714285715,90.18619047619048,0.0
0,72.96095238095238,136.23380952380953,89.46904761904761,0.0
0,73.36857142857143,136.93285714285716,90.76285714285716,0.0
0,73.46619047619049,137.03571428571428,90.75285714285715,0.0
0,72.72047619047619,136.32285714285712,90.15619047619047,0.0
0,73.55809523809523,137.58285714285716,90.68619047619048,0.0
0,73.90285714285714,137.85,91.28285714285714,0.0
0,76.75380952380952,143.01809523809527,95.37095238095239,0.0
0,79.48095238095237,147.20571428571427,98.43095238095239,0.0
0,84.03047619047618,155.322380952381,105.21619047619048,0.0
0,83.54476190476191,154.6261904761905,104.40380952380953,0.0
0,87.19238095238097,160.06571428571428,109.06952380952382,0.0
0,88.82000000000001,164.2214285714286,111.57333333333334,0.0
0,133.75523809523813,149.79476190476194,138.4928571428572,0.0
0,89.83333333333334,162.19095238095238,110.52095238095238,0.0
0,98.49571428571429,162.72238095238097,111.04619047619046,0.0
0,117.26333333333332,149.46333333333337,126.27523809523808,0.0
0,92.81666666666668,162.7042857142857,111.08380952380953,0.0
0,90.64285714285715,157.79047619047617,109.32047619047619,0.0
0,80.42285714285714,117.16523809523808,76.61428571428571,0.0
0,78.65380952380953,118.78047619047618,76.25619047619048,0.0
0,72.34523809523809,113.53428571428574,71.20380952380954,0.0
0,72.90761904761905,113.53333333333333,71.55571428571429,0.0
0,74.98904761904762,114.7309523809524,73.56142857142858,0.0
0,76.42761904761903,117.63428571428572,76.52809523809525,0.0
0,82.86190476190475,122.62142857142855,82.4409523809524,0.0
0,83.63,125.39333333333335,84.22190476190475,0.0
0,83.46523809523812,125.22809523809526,84.09476190476191,0.0
0,84.56,128.28761904761905,85.89904761904764,0.0
0,84.71952380952382,128.1652380952381,85.43666666666667,0.0
0,84.90809523809523,128.74714285714285,86.79619047619047,0.0
0,97.91857142857143,157.94285714285715,108.06333333333333,0.0
0,98.98857142857143,159.54238095238102,108.47238095238096,0.0
0,99.50714285714287,160.5557142857143,109.72285714285714,0.0
0,100.20476190476191,160.6985714285714,109.91285714285715,0.0
0,100.57333333333334,161.21285714285716,109.65333333333331,0.0
0,101.71000000000001,160.36428571428573,110.05761904761906,0.0
0,103.5904761904762,161.2657142857143,111.04142857142858,0.0
0,103.69761904761907,159.36809523809524,110.14904761904762,0.0
0,106.6595238095238,165.76238095238097,114.60904761904762,0.0
0,101.72666666666666,162.09523809523807,110.85190476190476,0.0
0,115.6152380952381,134.32952380952386,117.90238095238094,0.0
0,101.2952380952381,161.7347619047619,109.62095238095237,0.0
0,104.07904761904759,166.83523809523808,111.56761904761903,0.0
0,111.14190476190477,139.71380952380952,115.85047619047617,0.0
0,100.50142857142856,163.74380952380955,109.82095238095235,0.0
0,102.1547619047619,163.91761904761904,110.53142857142855,0.0
0,102.33904761904762,157.60619047619045,107.26047619047618,0.0
0,95.26904761904763,152.96333333333337,104.1257142857143,0.0
0,88.40380952380953,137.21571428571428,96.22571428571428,0.0
0,79.5895238095238,137.51238095238094,94.4066666666667,0.0
0,75.6257142857143,143.4704761904762,96.20571428571428,0.0
0,78.19809523809525,147.85000000000002,99.72190476190478,0.0
0,75.22809523809525,142.16380952380953,95.83142857142857,0.0
0,74.96809523809523,140.44,94.94619047619048,0.0
0,76.46904761904761,136.0866666666667,91.53809523809522,0.0
0,76.43857142857144,134.98904761904765,90.39761904761906,0.0
0,76.64761904761906,134.12333333333333,89.67761904761903,0.0
0,72.36952380952383,133.91619047619045,89.4147619047619,0.0
0,72.55952380952381,138.46857142857138,92.38714285714288,0.0
0,72.99238095238093,139.78809523809525,93.81000000000002,0.0
0,76.31857142857142,143.9042857142857,96.29666666666667,0.0
0,74.12666666666667,140.59142857142857,94.30714285714285,0.0
0,74.4395238095238,140.72999999999996,94.51904761904763,0.0
0,74.82095238095239,140.9495238095238,94.61571428571429,0.0
0,74.39333333333332,142.6690476190476,96.09904761904762,0.0
0,73.75857142857143,141.0652380952381,95.03666666666668,0.0
0,75.90999999999998,145.4542857142857,98.51761904761906,0.0
0,76.69428571428571,147.14095238095237,99.76142857142857,0.0
0,77.21571428571428,148.42571428571426,100.58571428571429,0.0
0,79.39952380952381,152.1,103.42809523809525,0.0
0,80.4109523809524,154.32809523809527,104.93476190476188,0.0
0,86.70190476190476,158.11095238095243,108.80190476190477,0.0
0,87.4452380952381,134.22238095238095,102.66952380952378,0.0
0,80.83142857142859,155.42761904761906,105.91666666666667,0.0
0,86.58190476190478,160.81190476190474,109.9795238095238,0.0
0,97.28476190476192,137.72619047619048,110.35380952380952,0.0
0,82.82190476190476,159.12000000000003,108.74999999999997,0.0
0,84.79238095238095,162.08190476190475,109.7647619047619,0.0
0,105.8133333333333,143.96904761904761,117.95142857142858,0.0
0,83.16333333333333,158.4371428571429,108.34000000000002,0.0
0,85.87,163.2238095238095,111.3747619047619,0.0
0,89.9990476190476,138.98809523809524,106.17523809523811,0.0
0,80.77714285714286,154.92619047619047,105.3257142857143,0.0
0,79.23333333333332,151.33619047619047,103.10380952380949,0.0
0,79.6952380952381,147.21095238095236,100.90142857142858,0.0
0,76.26761904761904,144.0314285714286,98.02999999999999,0.0
0,72.61619047619048,136.58,92.39476190476189,0.0
0,71.16380952380953,130.92952380952383,89.18904761904761,0.0
0,68.83904761904762,124.8561904761905,84.46952380952382,0.0
0,67.33666666666667,122.56190476190474,81.5352380952381,0.0
0,65.34523809523809,122.41809523809522,81.15,0.0
0,66.69714285714286,123.98095238095237,82.32380952380953,0.0
0,63.23809523809525,120.9852380952381,79.97904761904763,0.0
0,63.56238095238096,121.22142857142858,80.09761904761905,0.0
0,63.609047619047615,120.69285714285718,79.92571428571426,0.0
0,62.20190476190475,118.53809523809522,78.09809523809524,0.0
0,61.090476190476174,117.04571428571431,77.04428571428573,0.0
0,60.55714285714286,112.71714285714286,74.02142857142857,0.0
0,82.75142857142858,128.5257142857143,89.09761904761903,0.0
0,116.62809523809526,183.4695238095238,128.69428571428568,0.0
0,131.4857142857143,213.91666666666666,152.38142857142856,0.0
0,127.76571428571428,209.56952380952382,148.71904761904761,0.0
0,128.25857142857143,209.19523809523812,150.13714285714283,0.0
0,123.64571428571428,205.0957142857143,147.27238095238096,0.0
0,110.93809523809523,175.23666666666662,125.38095238095237,0.0
0,111.26571428571432,175.6914285714286,126.1361904761905,0.0
0,101.77333333333333,158.8790476190476,114.23285714285718,0.0
0,101.0004761904762,156.13000000000002,112.88190476190476,0.0
0,95.12714285714284,146.99095238095236,106.55380952380953,0.0
0,92.83333333333334,143.21380952380952,103.0938095238095,0.0
0,97.29047619047617,147.85714285714286,105.9042857142857,0.0
0,101.86761904761906,154.84999999999997,111.27857142857147,0.0
0,102.2352380952381,155.58571428571426,111.81380952380952,0.0
0,102.06857142857146,156.3776190476191,111.56857142857143,0.0
0,94.90095238095236,144.34904761904764,104.01809523809523,0.0
0,98.44571428571432,152.39999999999998,108.43904761904759,0.0
0,101.35142857142857,158.77809523809523,113.27666666666669,0.0
0,102.83428571428571,161.44190476190477,115.45476190476194,0.0
0,103.62190476190479,165.97047619047618,117.62285714285714,0.0
0,104.31523809523809,167.7595238095238,119.9342857142857,0.0
0,104.38095238095237,167.39952380952383,119.43809523809526,0.0
0,130.20571428571424,154.1538095238095,135.27047619047613,0.0
0,105.62952380952382,169.25095238095238,119.66190476190476,0.0
0,107.06428571428573,171.20190476190479,121.36095238095238,0.0
0,104.73333333333332,169.65619047619046,120.40047619047618,0.0
0,143.33285714285714,174.43428571428572,149.84714285714284,0.0
0,106.02238095238094,170.17238095238096,119.6209523809524,0.0
0,104.2842857142857,166.9847619047619,118.22047619047618,0.0
0,105.95428571428569,169.79476190476188,120.5538095238095,0.0
0,114.7061904761905,163.64285714285714,118.24809523809525,0.0
0,107.63714285714286,167.86666666666667,118.80047619047619,0.0
0,108.04095238095236,167.42285714285714,118.58238095238097,0.0
0,103.06761904761903,163.56380952380954,114.51857142857142,0.0
0,101.91952380952381,162.41380952380953,113.96285714285716,0.0
0,96.97333333333331,156.25380952380945,108.99571428571429,0.0
0,99.8942857142857,160.7152380952381,112.16523809523807,0.0
0,100.27142857142859,161.36333333333334,112.0509523809524,0.0
0,100.41190476190476,161.3861904761905,111.30476190476189,0.0
0,98.41619047619047,159.9209523809524,109.19761904761903,0.0
0,100.60571428571427,161.33666666666667,110.69904761904763,0.0
0,100.05142857142857,157.40761904761908,108.32380952380952,0.0
0,96.25047619047619,154.65571428571428,105.6247619047619,0.0
0,99.48142857142858,159.85714285714286,108.82333333333334,0.0
0,105.15523809523809,164.4028571428572,112.02190476190472,0.0
0,84.07190476190478,134.64,90.09380952380951,0.0
0,83.77095238095238,138.6880952380952,93.19238095238096,0.0
0,83.2852380952381,134.46380952380954,89.01761904761904,0.0
0,94.47904761904762,133.9195238095238,100.48380952380951,0.0
0,84.93619047619048,143.7709523809524,96.36142857142858,0.0
0,82.06571428571428,123.94428571428573,79.93761904761905,0.0
0,85.89380952380952,132.34,92.98666666666665,0.0
0,90.41761904761904,139.66476190476192,93.2995238095238,0.0
0,86.08333333333334,139.88190476190474,90.90571428571428,0.0
0,86.37809523809524,143.32333333333332,94.30999999999997,0.0
0,87.7590476190476,144.93571428571428,95.1952380952381,0.0
0,86.98619047619047,143.76666666666665,93.47857142857144,0.0
0,88.52380952380952,142.45238095238093,93.27047619047619,0.0
0,86.30428571428573,145.89142857142858,96.44619047619047,0.0
0,84.90857142857142,139.86809523809526,93.25952380952381,0.0
0,67.22047619047619,119.83095238095237,77.53571428571429,0.0
0,68.07190476190476,124.93714285714285,80.59285714285714,0.0
0,75.11000000000001,134.37476190476187,88.81761904761905,0.0
0,80.68857142857142,137.39714285714285,91.26333333333332,0.0
0,81.07904761904763,145.87761904761908,97.41333333333334,0.0
0,82.30428571428573,145.25333333333336,98.31857142857143,0.0
0,83.05809523809525,148.25857142857143,99.55238095238094,0.0
0,82.27666666666666,147.6495238095238,99.32666666666665,0.0
0,83.00142857142858,151.04619047619047,101.05523809523808,0.0
0,83.16428571428571,152.25333333333333,101.68619047619048,0.0
0,84.76666666666668,154.82238095238094,104.35904761904762,0.0
0,86.1114285714286,158.01857142857145,107.15571428571428,0.0
0,86.96428571428574,160.42571428571426,108.48952380952382,0.0
0,86.82047619047619,159.64428571428573,108.16000000000001,0.0
0,83.63666666666666,157.4833333333333,103.57333333333334,0.0
0,90.72809523809524,135.41714285714284,103.28333333333335,0.0
0,89.1,161.09,109.00000000000003,0.0
0,109.35999999999997,136.8338095238095,116.62714285714286,0.0
0,87.99952380952381,155.7757142857143,106.41476190476189,0.0
0,88.76857142857142,163.2652380952381,109.82333333333335,0.0
0,99.69428571428571,133.2028571428571,108.80523809523811,0.0
0,84.92666666666669,151.50666666666672,102.8295238095238,0.0
0,91.25952380952381,158.1461904761905,108.45809523809524,0.0
0,91.00428571428573,147.32476190476189,101.35904761904762,0.0
0,87.50428571428571,148.1685714285714,101.1509523809524,0.0
0,89.42571428571428,150.07666666666668,103.25714285714287,0.0
0,90.39666666666666,148.76714285714283,102.99095238095238,0.0
0,78.52904761904762,131.82666666666668,90.05285714285712,0.0
0,75.72380952380954,127.42666666666669,86.78571428571429,0.0
0,76.58761904761904,127.87619047619049,87.31809523809522,0.0
0,80.13523809523811,132.57809523809524,90.32857142857145,0.0
0,78.90095238095239,134.62999999999997,91.74761904761903,0.0
0,79.42380952380952,135.99047619047622,92.81619047619047,0.0
0,74.12619047619047,133.35809523809522,91.34571428571428,0.0
0,72.80285714285714,131.09333333333333,89.50190476190477,0.0
0,85.73000000000002,155.38666666666666,105.97857142857141,0.0
0,90.93190476190475,120.40380952380954,98.09333333333333,0.0
0,74.33571428571429,130.0709523809524,88.06761904761903,0.0
0,70.87666666666667,133.6595238095238,92.40619047619047,0.0
0,70.00428571428571,131.8047619047619,88.95857142857142,0.0
0,68.64857142857143,128.14428571428573,87.18714285714287,0.0
0,70.04666666666668,131.9171428571429,89.57285714285715,0.0
0,71.15095238095238,133.82904761904763,89.9742857142857,0.0
0,71.75190476190475,134.56714285714287,90.63714285714285,0.0
0,71.64904761904764,134.19380952380953,90.66380952380953,0.0
0,73.48238095238096,137.3109523809524,93.53333333333333,0.0
0,74.13190476190475,138.21809523809523,94.17238095238095,0.0
0,75.50761904761904,140.5009523809524,96.47047619047619,0.0
0,75.81095238095239,141.1538095238095,96.38761904761903,0.0
0,82.62761904761904,145.95809523809527,99.98809523809521,0.0
0,78.55904761904762,117.46380952380952,90.85095238095239,0.0
0,74.05190476190475,138.4285714285714,94.92999999999999,0.0
0,75.40190476190476,140.29809523809524,96.02666666666666,0.0
0,76.34761904761906,142.53380952380954,97.8752380952381,0.0
0,76.82095238095239,142.79380952380953,98.54238095238095,0.0
0,76.81523809523807,140.73619047619047,97.1247619047619,0.0
0,76.53095238095236,141.0880952380952,96.93857142857142,0.0
0,75.89190476190474,139.63666666666666,95.55666666666666,0.0
0,72.27142857142856,135.00857142857143,92.46666666666665,0.0
0,72.66190476190476,135.35380952380953,92.07761904761904,0.0
0,72.63190476190478,134.35095238095238,92.55904761904763,0.0
0,72.59904761904762,133.5542857142857,91.92619047619047,0.0
0,71.7895238095238,131.67809523809524,90.86666666666666,0.0
0,69.20619047619049,127.62238095238092,87.56380952380954,0.0
0,64.10142857142857,119.59857142857142,80.8504761904762,0.0
0,63.165714285714294,114.34999999999998,77.65047619047618,0.0
0,86.61285714285712,135.67095238095237,95.9347619047619,0.0
0,96.77809523809526,145.2938095238095,103.41142857142856,0.0
0,93.87047619047618,150.6885714285714,104.93333333333332,0.0
0,85.89428571428573,140.25380952380954,95.17904761904762,0.0
0,84.12380952380951,137.85095238095238,93.20523809523809,0.0
0,84.8057142857143,139.02714285714288,92.08619047619047,0.0
0,89.96571428571428,146.2733333333333,97.98952380952382,0.0
0,98.25095238095238,154.74666666666667,105.38523809523807,0.0
0,98.11333333333334,154.16714285714284,105.21666666666667,0.0
0,98.05761904761906,155.42952380952386,105.54809523809524,0.0
0,98.75666666666666,156.31190476190477,106.01142857142857,0.0
0,98.64952380952383,156.19190476190474,105.94047619047619,0.0
0,96.40095238095238,151.9642857142857,102.32619047619048,0.0
0,93.16476190476189,149.68190476190478,100.94142857142857,0.0
0,86.18428571428569,139.73857142857145,93.89238095238095,0.0
0,87.50333333333333,139.9290476190476,94.1947619047619,0.0
0,88.90761904761905,142.46761904761905,95.62428571428572,0.0
0,84.41666666666667,137.9342857142857,91.84761904761905,0.0
0,86.73333333333333,140.35523809523812,94.28428571428572,0.0
0,89.28333333333333,144.56476190476192,96.84857142857142,0.0
0,89.95047619047618,145.70428571428576,97.87714285714286,0.0
0,91.97047619047619,148.2657142857143,100.35238095238095,0.0
0,98.09761904761908,156.78142857142856,105.38857142857144,0.0
0,94.61428571428573,151.83047619047625,102.39809523809522,0.0
0,96.66333333333331,155.52761904761905,104.76999999999998,0.0
0,94.68380952380953,154.38285714285718,103.96333333333331,0.0
0,94.0757142857143,154.31285714285715,103.76714285714286,0.0
0,97.5147619047619,158.98999999999998,107.23952380952382,0.0
0,95.18809523809523,157.08095238095237,105.90857142857142,0.0
0,103.94999999999999,171.53952380952379,116.1142857142857,0.0
0,110.8009523809524,139.06904761904764,116.56714285714287,0.0
0,99.4452380952381,159.9295238095238,108.34714285714286,0.0
0,98.9904761904762,161.01142857142855,109.48857142857142,0.0
0,98.56238095238095,159.5509523809524,107.9533333333333,0.0
0,104.98952380952377,148.33619047619044,114.71904761904764,0.0
0,95.00047619047616,156.95761904761906,106.57285714285713,0.0
0,93.26809523809523,152.6009523809524,103.3552380952381,0.0
0,91.11857142857141,149.34666666666666,101.81714285714283,0.0
0,90.01999999999998,145.98,98.56285714285713,0.0
0,100.9985714285714,155.45809523809524,106.20428571428572,0.0
0,96.13571428571429,147.8790476190476,100.80809523809523,0.0
0,96.21952380952378,148.5242857142857,100.81761904761905,0.0
0,91.1595238095238,144.71809523809526,97.78142857142859,0.0
0,88.3747619047619,141.59666666666666,95.1842857142857,0.0
0,85.14714285714288,137.23857142857145,91.90476190476188,0.0
0,82.74476190476192,134.76904761904763,90.0495238095238,0.0
0,82.96190476190476,132.5314285714286,89.23619047619047,0.0
0,85.72095238095238,133.95000000000005,90.81000000000002,0.0
0,99.18571428571428,156.45380952380953,107.41047619047619,0.0
0,100.21523809523809,160.6614285714286,110.13285714285716,0.0
0,99.35380952380952,160.0419047619048,111.52904761904763,0.0
0,123.74857142857147,147.28619047619046,127.56523809523812,0.0
0,99.94904761904763,156.8090476190476,109.73142857142855,0.0
0,100.26142857142861,149.5433333333333,103.73857142857142,0.0
0,93.77761904761905,142.76047619047623,97.69952380952381,0.0
0,89.02095238095237,138.8585714285714,95.67333333333333,0.0
0,89.66952380952381,139.04809523809524,95.0957142857143,0.0
0,88.6409523809524,137.36904761904762,93.99523809523811,0.0
0,92.3961904761905,142.81619047619049,98.49238095238096,0.0
0,91.53714285714288,142.68857142857146,98.80142857142857,0.0
0,93.5757142857143,145.58285714285716,100.63047619047617,0.0
0,98.61190476190475,149.31809523809528,104.42904761904762,0.0
0,103.64190476190477,162.80380952380952,112.86380952380954,0.0
0,104.01047619047618,162.2985714285714,113.27619047619046,0.0
0,102.02428571428572,159.31142857142856,112.19000000000001,0.0
0,102.51095238095238,152.87142857142857,107.48047619047618,0.0
0,98.89333333333335,149.77666666666667,105.36142857142858,0.0
0,93.07238095238095,144.7104761904762,100.29190476190476,0.0
0,91.15238095238095,143.3647619047619,99.39238095238096,0.0
0,98.78333333333333,146.60904761904763,102.06999999999996,0.0
0,97.49619047619049,144.94428571428574,101.05857142857143,0.0
0,98.39142857142858,150.57571428571433,104.41952380952381,0.0
0,97.00523809523808,146.55285714285714,101.3257142857143,0.0
0,100.86619047619048,146.75619047619043,103.37761904761904,0.0
0,96.25285714285717,147.01428571428573,102.03047619047618,0.0
0,98.41047619047619,148.21952380952385,103.43476190476191,0.0
0,99.88047619047617,151.65619047619046,105.30952380952378,0.0
0,102.92904761904758,150.6314285714286,104.47285714285715,0.0
0,98.62999999999998,151.8109523809524,104.1552380952381,0.0
0,99.76380952380954,142.8961904761905,97.63714285714286,0.0
0,99.75714285714287,142.50238095238095,97.34809523809525,0.0
0,99.48857142857143,143.76285714285714,98.67380952380952,0.0
0,99.16285714285715,142.75714285714287,97.56761904761908,0.0
0,94.51619047619049,141.54809523809521,95.84904761904761,0.0
0,101.13190476190476,156.28380952380954,107.94380952380953,0.0
0,101.22380952380952,155.01761904761904,108.08571428571432,0.0
0,99.76190476190476,153.08714285714288,106.23904761904762,0.0
0,98.79047619047617,142.84952380952376,97.65380952380953,0.0
0,91.80714285714285,136.46809523809526,93.40857142857145,0.0
0,84.42238095238095,127.78571428571429,86.35666666666665,0.0
0,81.6657142857143,125.03523809523806,83.88952380952384,0.0
0,92.02476190476192,138.5357142857143,94.81238095238093,0.0
0,101.05142857142857,129.93047619047616,102.09999999999998,0.0
0,101.1161904761905,146.74000000000004,103.51761904761902,0.0
0,104.06857142857146,148.90190476190477,104.56666666666669,0.0
0,99.01,148.17904761904762,102.90047619047618,0.0
0,99.73285714285716,149.4609523809524,103.78095238095239,0.0
0,101.76809523809523,150.27428571428572,105.13619047619048,0.0
0,105.51761904761904,153.7566666666667,108.47809523809524,0.0
0,101.52142857142856,151.0961904761905,105.22238095238096,0.0
0,103.94857142857141,153.91333333333336,108.37190476190479,0.0
0,101.7261904761905,152.05190476190475,106.50761904761906,0.0
0,100.38619047619048,150.64190476190473,104.89904761904762,0.0
0,101.78476190476188,151.64666666666662,106.62238095238096,0.0
0,102.17714285714287,152.03571428571428,106.66952380952382,0.0
0,105.8452380952381,152.25761904761904,108.00666666666669,0.0
0,104.37285714285714,152.46809523809526,107.57333333333335,0.0
0,105.89285714285714,153.8604761904762,108.78952380952383,0.0
0,100.01714285714284,149.05047619047616,104.31190476190474,0.0
0,99.94619047619045,147.28476190476192,102.78333333333333,0.0
0,94.51857142857143,136.90761904761905,95.48285714285714,0.0
0,92.99095238095236,130.90571428571425,89.92809523809524,0.0
0,90.05619047619048,128.50904761904764,88.11,0.0
0,89.40333333333334,129.8695238095238,88.69761904761903,0.0
0,91.22428571428573,132.06761904761902,90.09190476190477,0.0
0,97.07238095238095,146.19190476190474,101.28380952380955,0.0
0,108.63761904761904,129.29428571428573,108.8147619047619,0.0
0,97.69238095238094,143.15523809523808,101.15285714285714,0.0
0,96.55666666666667,142.85333333333335,100.24619047619048,0.0
0,79.9147619047619,121.56095238095234,79.12809523809526,0.0
0,75.00714285714285,113.57809523809523,71.61904761904763,0.0
0,99.14999999999998,149.91238095238094,100.22904761904762,0.0
0,95.84714285714287,147.10952380952384,97.32428571428571,0.0
0,102.30571428571429,154.852380952381,103.49238095238096,0.0
0,100.8242857142857,154.02142857142857,103.42761904761905,0.0
0,97.90190476190476,153.1585714285714,104.02428571428575,0.0
0,110.2638095238095,172.5804761904762,118.1442857142857,0.0
0,104.24142857142859,161.91,110.21047619047616,0.0
0,100.69095238095237,156.4485714285714,105.5509523809524,0.0
0,98.65904761904763,151.92000000000002,103.0895238095238,0.0
0,104.40571428571431,165.3995238095238,113.6742857142857,0.0
0,110.0504761904762,176.28619047619046,122.77000000000002,0.0
0,110.42380952380952,175.9847619047619,122.52952380952382,0.0
0,107.01095238095238,170.49619047619043,117.88476190476192,0.0
0,106.59190476190473,169.80190476190475,117.33142857142859,0.0
0,107.00809523809524,170.71476190476193,118.22047619047619,0.0
0,78.61857142857143,145.55523809523808,99.11333333333334,0.0
0,92.38571428571426,154.8261904761905,103.9461904761905,0.0
0,84.56952380952382,141.79047619047617,93.26285714285713,0.0
0,82.15047619047618,139.43761904761902,91.1895238095238,0.0
0,88.36095238095238,144.51142857142858,95.40523809523809,0.0
0,103.98619047619047,166.79761904761904,113.90333333333335,0.0
0,103.67952380952383,165.95000000000005,113.40285714285717,0.0
0,103.65238095238092,165.23761904761906,112.01333333333332,0.0
0,102.58476190476189,164.87999999999997,111.76619047619049,0.0
0,103.98619047619047,168.5861904761905,114.10857142857144,0.0
0,105.35428571428574,176.45380952380953,119.63523809523811,0.0
0,107.08238095238097,179.63095238095244,122.44428571428571,0.0
0,106.79095238095239,177.8657142857143,121.71904761904761,0.0
0,107.49571428571429,183.43714285714287,124.32904761904763,0.0
0,103.8547619047619,171.60285714285715,115.98809523809526,0.0
0,96.56380952380952,161.02904761904762,109.06619047619047,0.0
0,96.83095238095238,160.68523809523808,108.01714285714284,0.0
0,93.48428571428572,158.21809523809523,104.49142857142859,0.0
0,98.29619047619045,160.9561904761905,106.28619047619047,0.0
0,101.22809523809524,162.75571428571425,108.42095238095234,0.0
0,99.5095238095238,159.4004761904762,106.31380952380952,0.0
0,101.72809523809524,161.10809523809522,106.4438095238095,0.0
0,85.14904761904762,141.07904761904763,93.81095238095239,0.0
0,85.10999999999999,144.04761904761907,94.74714285714283,0.0
0,84.1,143.38047619047623,94.60761904761905,0.0
0,87.28380952380951,148.66476190476192,98.92857142857143,0.0
0,82.88,144.23380952380953,96.03095238095239,0.0
0,84.3142857142857,146.8461904761905,100.24619047619048,0.0
0,82.7395238095238,143.08523809523808,96.43238095238095,0.0
0,77.84,133.32000000000002,90.72,0.0
0,59.54428571428572,113.90095238095236,74.2295238095238,0.0
0,64.00380952380954,121.90476190476193,81.85333333333335,0.0
0,66.92380952380952,126.9757142857143,86.05571428571429,0.0
0,71.16095238095238,133.7552380952381,91.47809523809522,0.0
0,80.34190476190476,151.417619047619,104.3547619047619,0.0
0,85.87523809523812,152.79428571428573,107.02809523809522,0.0
0,91.1857142857143,145.72809523809525,110.29476190476191,0.0
0,83.00809523809524,154.6995238095238,105.49857142857144,0.0
0,85.3652380952381,158.9066666666667,109.92714285714283,0.0
0,104.02428571428572,147.85571428571424,118.33761904761906,0.0
0,80.88666666666666,152.22714285714287,104.51904761904764,0.0
0,85.75571428571428,159.0552380952381,110.11142857142858,0.0
0,86.8652380952381,134.38142857142853,102.2285714285714,0.0
0,79.50619047619048,148.64571428571426,101.50857142857141,0.0
0,75.62619047619047,142.55571428571426,96.45904761904761,0.0
0,72.49380952380952,137.50857142857143,92.36095238095238,0.0
0,70.60142857142857,134.0190476190476,89.45857142857143,0.0
0,68.81285714285714,130.96523809523808,86.82857142857142,0.0
0,67.61380952380952,129.36,85.70095238095239,0.0
0,67.78380952380954,129.7709523809524,86.3909523809524,0.0
0,73.10142857142857,137.49761904761908,93.1052380952381,0.0
0,74.69380952380953,139.63809523809525,94.71190476190476,0.0
0,79.25238095238095,147.11952380952377,101.06857142857143,0.0
0,80.69571428571427,149.4204761904762,103.20809523809524,0.0
0,80.72619047619048,149.53428571428572,102.9047619047619,0.0
0,80.91809523809525,150.65714285714284,103.94666666666667,0.0
0,80.54619047619046,148.9290476190476,102.24142857142856,0.0
0,79.6242857142857,148.1919047619048,101.5104761904762,0.0
0,72.37333333333333,135.78428571428572,92.14238095238095,0.0
0,72.5447619047619,135.83809523809524,92.15714285714283,0.0
0,72.70190476190476,136.06095238095236,92.13904761904763,0.0
0,76.62238095238095,142.30190476190475,97.00238095238096,0.0
0,76.90809523809524,143.41142857142862,97.89142857142858,0.0
0,85.29142857142857,166.79000000000002,116.98428571428572,0.0
0,109.05095238095237,142.10904761904763,121.89238095238095,0.0
0,86.96238095238094,167.9295238095238,118.84809523809524,0.0
0,100.40761904761905,141.7290476190476,116.69666666666667,0.0
0,80.81047619047621,154.17857142857142,108.7966666666667,0.0
0,72.16571428571427,133.71238095238098,92.27095238095237,0.0
0,84.76666666666665,160.98333333333335,110.84904761904764,0.0
0,117.1109523809524,142.94809523809525,125.47523809523807,0.0
0,84.96714285714287,159.76,109.97619047619048,0.0
0,81.41095238095238,151.68,103.71904761904761,0.0
0,84.94285714285716,134.2933333333333,101.28761904761905,0.0
0,104.25857142857141,150.33047619047622,106.0947619047619,0.0
0,98.84095238095237,136.7152380952381,96.43761904761907,0.0
0,94.31857142857143,119.40904761904764,84.82523809523809,0.0
0,75.65142857142855,114.55666666666667,77.6447619047619,0.0
0,76.84047619047618,113.74333333333334,76.8352380952381,0.0
0,65.44571428571429,114.57047619047617,77.1452380952381,0.0
0,63.85857142857143,124.09095238095237,84.04761904761905,0.0
0,90.19285714285715,142.1571428571429,101.23476190476192,0.0
0,88.55714285714286,140.39380952380955,98.58476190476192,0.0
0,89.24047619047619,139.9795238095238,99.55238095238094,0.0
0,96.5,150.21333333333328,108.1757142857143,0.0
0,101.8947619047619,157.03190476190474,113.54238095238092,0.0
0,101.27523809523811,151.93238095238098,107.67619047619044,0.0
0,102.97809523809524,153.7680952380952,107.8947619047619,0.0
0,110.53619047619048,167.64285714285714,118.67904761904762,0.0
0,82.39999999999999,129.83571428571426,88.47714285714285,0.0
0,86.62714285714287,129.31285714285715,87.46095238095238,0.0
0,72.87523809523809,132.4852380952381,87.8757142857143,0.0
0,78.72476190476189,143.23714285714283,95.06190476190477,0.0
0,76.19428571428573,136.85095238095235,91.28190476190477,0.0
0,77.72857142857141,138.34285714285713,92.9342857142857,0.0
0,78.6552380952381,138.67857142857142,93.44428571428573,0.0
0,71.96571428571428,132.8414285714286,88.43714285714286,0.0
0,71.5852380952381,131.83809523809526,87.83571428571429,0.0
0,74.39523809523811,134.6142857142857,90.08857142857144,0.0
0,84.41238095238094,132.15857142857138,88.83142857142857,0.0
0,82.36904761904762,131.81047619047618,89.18523809523809,0.0
0,78.11095238095238,133.63666666666663,89.71809523809523,0.0
0,79.08,137.42047619047622,92.52238095238094,0.0
0,79.52476190476192,139.32809523809524,93.85761904761907,0.0
0,75.51238095238095,137.87333333333336,92.08809523809525,0.0
0,85.98428571428573,128.1814285714286,88.42809523809524,0.0
0,95.00619047619045,133.78571428571428,91.93,0.0
0,94.20142857142858,136.11285714285714,93.27000000000001,0.0
0,85.7061904761905,124.99190476190478,84.50333333333333,0.0
0,87.49428571428572,129.26714285714286,89.20523809523809,0.0
0,92.35571428571427,133.89285714285714,92.13999999999999,0.0
0,102.58333333333333,127.86523809523813,101.58999999999999,0.0
0,92.12333333333332,132.17761904761903,92.08857142857143,0.0
0,97.86142857142858,125.31285714285713,89.54333333333334,0.0
0,83.5095238095238,128.7566666666667,87.38142857142859,0.0
0,87.19999999999999,132.67666666666668,91.31714285714287,0.0
0,103.07238095238095,135.36619047619047,96.16238095238094,0.0
0,110.8309523809524,140.36190476190475,102.16666666666669,0.0
0,106.1852380952381,149.08619047619044,106.65428571428572,0.0
1,32.83095238095238,63.86619047619048,130.07666666666668,0.0
1,38.44904761904761,71.11904761904763,140.37238095238095,0.0
1,38.40571428571428,70.8047619047619,139.42000000000002,0.0
1,38.12571428571429,70.45190476190476,139.4504761904762,0.0
1,38.61428571428571,70.6190476190476,139.58476190476188,0.0
1,39.3947619047619,71.14047619047618,139.2504761904762,0.0
1,39.30428571428571,71.22380952380952,139.81714285714284,0.0
1,39.429047619047616,71.18714285714285,141.40714285714282,0.0
1,39.68190476190477,71.53761904761905,141.73952380952383,0.0
1,39.49285714285715,71.51619047619046,141.19285714285712,0.0
1,39.17047619047619,71.31619047619049,141.22,0.0
1,40.02857142857143,71.96523809523808,141.3257142857143,0.0
1,39.074285714285715,71.24428571428571,139.9542857142857,0.0
1,39.08666666666667,71.32333333333334,140.60238095238094,0.0
1,38.72380952380953,71.04190476190476,140.04761904761907,0.0
1,39.19857142857143,71.08238095238096,139.5804761904762,0.0
1,37.59666666666666,69.70619047619049,137.51285714285714,0.0
1,36.72380952380952,68.41142857142857,136.61238095238096,0.0
1,36.72333333333334,68.69666666666669,136.9842857142857,0.0
1,37.502857142857145,69.54333333333332,138.01666666666665,0.0
1,36.53333333333333,68.24857142857144,135.65,0.0
1,34.37523809523809,66.75761904761904,135.62761904761905,0.0
1,112.29285714285714,122.7309523809524,144.02238095238096,0.0
1,36.719047619047615,69.41999999999997,138.58952380952383,0.0
1,38.89952380952383,71.79285714285714,142.37571428571428,0.0
1,42.315714285714286,75.86142857142856,148.7709523809524,0.0
1,46.97952380952382,81.87047619047618,157.4395238095238,0.0
1,53.12142857142858,87.39142857142856,164.46619047619046,0.0
1,50.94952380952381,86.08571428571429,164.84714285714284,0.0
1,48.74285714285715,83.77428571428571,162.60523809523806,0.0
1,49.516190476190474,84.89761904761906,163.39190476190475,0.0
1,51.896190476190476,86.45523809523809,164.4404761904762,0.0
1,49.604761904761894,81.04523809523809,151.29619047619047,0.0
1,36.25619047619047,65.19142857142857,128.00761904761902,0.0
1,25.155714285714286,49.32142857142857,102.67380952380951,0.0
1,20.86523809523809,40.420476190476194,83.06666666666666,0.0
1,21.218571428571426,40.12904761904762,80.3795238095238,0.0
1,18.88952380952381,35.128571428571426,71.02809523809525,0.0
1,16.279523809523806,32.035714285714285,65.44380952380952,0.0
1,17.882857142857137,33.54428571428572,67.35761904761905,0.0
1,20.65761904761905,38.22714285714286,77.82047619047619,0.0
1,53.729523809523805,76.18666666666665,125.6657142857143,0.0
1,96.88476190476189,110.2961904761905,138.98047619047617,0.0
1,75.15285714285716,107.3795238095238,182.5185714285714,0.0
1,76.39380952380952,113.01857142857142,199.82333333333338,0.0
1,76.52095238095238,108.01857142857142,182.14333333333332,0.0
1,66.12285714285716,97.9852380952381,170.58809523809524,0.0
1,75.32857142857142,111.94523809523811,195.96190476190475,0.0
1,71.12523809523807,106.15142857142857,185.33000000000004,0.0
1,63.958571428571425,98.07666666666665,172.00619047619045,0.0
1,57.112380952380946,90.15333333333335,159.27714285714285,0.0
1,50.08952380952379,81.30809523809523,144.4809523809524,0.0
1,43.97571428571429,72.99333333333334,131.77857142857147,0.0
1,42.279523809523816,70.2147619047619,126.42666666666666,0.0
1,40.84190476190476,68.03904761904762,124.06380952380952,0.0
1,41.81190476190476,68.65047619047618,123.7057142857143,0.0
1,42.67952380952381,70.19952380952381,126.25190476190475,0.0
1,43.7147619047619,71.62666666666667,128.81714285714284,0.0
1,43.5457142857143,71.4857142857143,127.9190476190476,0.0
1,46.581428571428575,74.76619047619046,132.51428571428573,0.0
1,47.889047619047616,76.65238095238095,135.93190476190475,0.0
1,49.24761904761905,78.51809523809524,139.9119047619048,0.0
1,48.69952380952381,78.02142857142857,139.60047619047617,0.0
1,53.13904761904761,82.66285714285713,144.47952380952378,0.0
1,52.00904761904762,81.03666666666668,141.4514285714286,0.0
1,50.87333333333333,79.79238095238097,138.84380952380948,0.0
1,48.74904761904761,77.57761904761907,136.97619047619045,0.0
1,45.55904761904762,74.37714285714289,133.36904761904762,0.0
1,47.33142857142857,76.10190476190478,133.9604761904762,0.0
1,47.392857142857146,75.22523809523808,129.90904761904764,0.0
1,46.35047619047619,73.5904761904762,126.32904761904759,0.0
1,51.98952380952381,77.87476190476191,126.96142857142856,0.0
1,48.799523809523805,75.58666666666666,126.29761904761905,0.0
1,52.908095238095235,79.68619047619048,130.37714285714284,0.0
1,48.73190476190476,76.1752380952381,128.37809523809523,0.0
1,52.81571428571428,79.9695238095238,134.6995238095238,0.0
1,51.2552380952381,76.51857142857145,126.16714285714286,0.0
1,55.93619047619047,82.19619047619047,135.83666666666667,0.0
1,51.03333333333334,78.54523809523809,134.48285714285714,0.0
1,50.320952380952384,78.37333333333333,135.66714285714284,0.0
1,51.2747619047619,79.14333333333335,136.82476190476189,0.0
1,52.68761904761904,80.40714285714287,137.8138095238095,0.0
1,49.095238095238095,75.72,131.57714285714286,0.0
1,49.4452380952381,76.43761904761905,133.58333333333334,0.0
1,49.09190476190476,75.68476190476191,131.81619047619046,0.0
1,48.010476190476204,75.2152380952381,131.64857142857142,0.0
1,52.28523809523811,78.42380952380952,134.70285714285714,0.0
1,56.35238095238095,82.9509523809524,141.5657142857143,0.0
1,55.731904761904765,85.04619047619046,146.35761904761907,0.0
1,70.89047619047619,88.05333333333331,125.3171428571429,0.0
1,55.28619047619048,84.48142857142857,146.46190476190478,0.0
1,34.17142857142858,57.146666666666675,102.86238095238093,0.0
1,29.697142857142858,52.89523809523809,99.6252380952381,0.0
1,31.064761904761905,56.81952380952381,109.57571428571427,0.0
1,35.43380952380952,63.31904761904761,121.27857142857142,0.0
1,37.94952380952381,66.4895238095238,126.0004761904762,0.0
1,36.46238095238095,65.29571428571428,124.65666666666664,0.0
1,37.288095238095245,66.2738095238095,126.79142857142858,0.0
1,38.66238095238095,68.05666666666669,129.60190476190476,0.0
1,33.60571428571429,61.90904761904763,120.7985714285714,0.0
1,34.85142857142857,61.94761904761904,118.21761904761905,0.0
1,40.47666666666667,67.15285714285714,122.46952380952379,0.0
1,38.24190476190476,63.530952380952385,115.71000000000001,0.0
1,41.715714285714284,69.02428571428571,124.4490476190476,0.0
1,41.320952380952384,69.12380952380954,125.10857142857142,0.0
1,50.53142857142856,80.79571428571428,143.4257142857143,0.0
1,56.018095238095235,85.37190476190476,145.52999999999997,0.0
1,54.54523809523808,82.51380952380953,140.1895238095238,0.0
1,48.16809523809523,77.05666666666669,135.31571428571428,0.0
1,48.192380952380965,77.80809523809525,136.18285714285716,0.0
1,48.690952380952375,77.99380952380955,137.04142857142858,0.0
1,49.44142857142856,78.9495238095238,138.13714285714286,0.0
1,50.58619047619046,80.8909523809524,142.37999999999997,0.0
1,49.46,79.77190476190476,139.63047619047623,0.0
1,50.388571428571424,79.02476190476189,136.45619047619053,0.0
1,48.63,78.04999999999998,137.40714285714284,0.0
1,46.76904761904761,77.72285714285715,140.4152380952381,0.0
1,43.67857142857142,74.08999999999999,136.60000000000002,0.0
1,38.635714285714286,68.27666666666667,126.80619047619047,0.0
1,36.849047619047624,64.7395238095238,120.60904761904762,0.0
1,49.88095238095238,69.95047619047618,110.35619047619048,0.0
1,36.34238095238095,61.40952380952382,113.16523809523811,0.0
1,44.20095238095238,70.55619047619045,125.82000000000001,0.0
1,46.50714285714286,76.55952380952381,139.85857142857145,0.0
1,48.371428571428574,78.86000000000001,143.43285714285716,0.0
1,51.27904761904762,82.51238095238094,148.84238095238095,0.0
1,50.63047619047619,81.77380952380952,148.86952380952383,0.0
1,49.19571428571429,81.05666666666666,148.29190476190473,0.0
1,48.855714285714285,80.72857142857144,147.82857142857142,0.0
1,48.409523809523805,80.11619047619047,147.3428571428571,0.0
1,45.714761904761886,75.84476190476191,139.43238095238098,0.0
1,43.336190476190474,72.71285714285716,133.64190476190478,0.0
1,39.9257142857143,68.23523809523807,125.06523809523809,0.0
1,34.14,60.87809523809523,113.94714285714284,0.0
1,31.112857142857155,56.7552380952381,106.77666666666667,0.0
1,90.50238095238093,100.03666666666666,117.54333333333332,0.0
1,35.29952380952381,58.41619047619048,104.94285714285714,0.0
1,35.09190476190476,56.580952380952375,100.08428571428571,0.0
1,36.810952380952386,68.2709523809524,134.22809523809522,0.0
1,24.25619047619048,49.03285714285715,103.42714285714287,0.0
1,23.594285714285714,48.46476190476191,103.24333333333331,0.0
1,31.814285714285717,50.10238095238095,92.59714285714284,0.0
1,37.33714285714286,63.488571428571426,119.5914285714286,0.0
1,36.06142857142857,61.33047619047618,114.36761904761904,0.0
1,59.477142857142866,91.81476190476191,163.76952380952378,0.0
1,70.74809523809523,100.35333333333331,168.86142857142855,0.0
1,74.91285714285713,95.83,142.99333333333334,0.0
1,58.34285714285714,91.94285714285714,164.417619047619,0.0
1,49.768095238095235,81.60857142857142,145.05904761904762,0.0
1,52.734761904761896,85.02761904761904,150.2204761904762,0.0
1,104.6333333333333,117.38238095238094,142.89523809523808,0.0
1,47.109523809523814,77.06476190476191,137.09047619047618,0.0
1,42.02714285714287,71.33047619047619,128.10333333333332,0.0
1,40.18,69.36714285714287,126.13952380952382,0.0
1,37.75095238095238,66.75857142857141,123.72666666666666,0.0
1,40.41142857142856,69.42285714285714,127.3352380952381,0.0
1,44.08619047619048,73.3795238095238,132.27571428571432,0.0
1,48.72428571428571,78.64809523809522,138.65333333333334,0.0
1,77.44761904761903,91.93142857142857,120.40095238095239,0.0
1,44.16047619047619,73.38047619047619,129.66666666666666,0.0
1,54.34809523809523,84.63999999999999,146.4438095238095,0.0
1,55.845238095238095,75.41047619047619,113.50857142857141,0.0
1,44.72809523809524,73.65809523809524,130.4609523809524,0.0
1,46.586190476190474,74.89285714285714,131.4766666666667,0.0
1,47.43619047619049,75.7542857142857,132.2757142857143,0.0
1,47.86666666666666,75.61809523809522,129.54999999999998,0.0
1,45.847619047619055,72.71857142857144,125.23000000000002,0.0
1,45.23619047619049,72.82285714285715,126.59857142857143,0.0
1,43.13238095238095,70.6447619047619,124.50380952380952,0.0
1,42.49809523809523,69.58333333333333,124.3652380952381,0.0
1,42.70857142857143,70.30238095238094,125.42714285714285,0.0
1,46.547619047619044,74.38714285714286,130.35333333333335,0.0
1,54.21428571428572,82.60904761904763,139.34190476190477,0.0
1,55.868095238095236,83.94666666666667,140.42952380952383,0.0
1,58.90047619047618,85.83190476190474,140.6147619047619,0.0
1,59.82142857142856,86.23190476190477,139.37285714285713,0.0
1,58.60904761904761,85.7590476190476,140.88857142857145,0.0
1,52.72904761904762,81.49761904761904,139.32999999999998,0.0
1,49.72238095238096,78.35095238095236,135.0142857142857,0.0
1,45.14333333333333,72.36619047619047,126.0990476190476,0.0
1,41.368571428571435,67.92095238095236,119.75761904761909,0.0
1,40.04428571428572,66.1895238095238,117.22999999999999,0.0
1,39.52523809523809,65.36142857142858,115.6590476190476,0.0
1,37.069047619047616,62.87571428571429,113.26285714285716,0.0
1,36.87428571428571,62.76904761904761,112.95380952380954,0.0
1,41.07809523809524,69.4090476190476,123.30142857142859,0.0
1,80.6252380952381,92.53238095238095,114.87142857142858,0.0
1,46.38857142857143,73.89047619047619,126.39142857142853,0.0
1,95.21809523809523,107.78809523809525,130.76380952380956,0.0
1,48.53142857142858,72.14428571428573,119.05190476190477,0.0
1,25.943809523809527,46.792857142857144,87.51571428571428,0.0
1,29.29523809523809,52.98333333333333,101.52095238095237,0.0
1,34.4195238095238,61.54761904761904,116.09761904761903,0.0
1,46.8452380952381,76.54190476190476,138.80904761904762,0.0
1,53.74000000000001,82.32238095238095,144.19619047619048,0.0
1,54.3657142857143,83.74095238095238,146.6528571428571,0.0
1,48.780952380952385,79.96619047619048,145.06285714285715,0.0
1,45.50904761904762,77.3442857142857,143.64761904761903,0.0
1,46.41619047619048,78.07428571428571,143.39333333333332,0.0
1,44.705238095238094,76.62761904761905,141.2980952380952,0.0
1,42.16428571428572,72.89809523809524,135.11809523809526,0.0
1,41.050000000000004,72.50238095238095,135.51095238095235,0.0
1,43.65333333333333,74.07523809523809,136.31285714285715,0.0
1,44.74809523809524,76.29714285714287,140.32999999999998,0.0
1,42.85142857142857,73.4204761904762,135.00809523809525,0.0
1,40.967619047619046,70.14619047619048,128.6709523809524,0.0
1,44.647619047619045,73.78190476190477,132.44190476190477,0.0
1,46.35047619047619,76.13666666666666,136.64857142857147,0.0
1,45.0752380952381,75.63666666666667,137.79571428571427,0.0
1,45.488571428571426,75.67666666666666,137.65238095238095,0.0
1,36.104285714285716,63.650000000000006,119.66666666666669,0.0
1,33.271428571428565,61.070952380952384,119.76190476190476,0.0
1,27.463809523809523,55.42714285714286,117.0009523809524,0.0
1,38.08714285714285,67.51857142857143,129.93285714285716,0.0
1,27.52809523809523,53.63761904761904,107.48523809523807,0.0
1,29.390476190476186,55.515714285714296,110.71619047619048,0.0
1,43.31714285714287,70.65952380952379,130.69809523809525,0.0
1,62.98428571428572,94.53523809523811,160.61428571428573,0.0
1,66.5209523809524,100.1014285714286,170.19619047619048,0.0
1,68.10428571428571,101.5109523809524,172.83238095238096,0.0
1,67.82047619047619,101.21571428571427,172.6019047619048,0.0
1,68.24333333333333,101.68333333333332,171.87952380952382,0.0
1,69.4690476190476,102.3452380952381,172.01333333333335,0.0
1,68.8742857142857,102.72000000000001,173.63809523809525,0.0
1,69.83619047619048,103.36857142857144,173.94523809523812,0.0
1,65.48238095238096,98.46428571428571,164.73952380952383,0.0
1,27.455714285714283,53.94333333333334,108.88285714285715,0.0
1,29.95047619047618,58.476666666666674,116.79476190476188,0.0
1,34.607142857142854,62.52714285714284,121.80999999999999,0.0
1,37.14380952380953,66.58523809523811,129.25333333333333,0.0
1,35.053333333333335,66.69809523809523,131.6833333333333,0.0
1,35.47285714285714,67.23714285714284,132.07761904761907,0.0
1,32.12380952380952,62.739999999999995,126.21761904761905,0.0
1,32.213809523809516,60.2547619047619,119.14904761904762,0.0
1,32.97571428571429,60.599047619047624,118.5090476190476,0.0
1,32.760000000000005,60.25714285714286,118.10047619047617,0.0
1,29.818095238095236,56.342857142857135,112.31380952380952,0.0
1,31.071428571428573,58.03285714285713,114.92571428571426,0.0
1,30.341428571428565,56.96142857142856,113.04190476190475,0.0
1,29.562380952380956,56.91809523809523,112.48476190476188,0.0
1,27.81428571428571,54.976666666666674,111.21809523809522,0.0
1,29.690952380952375,57.544761904761906,114.37523809523807,0.0
1,31.336190476190474,58.364761904761906,113.86666666666667,0.0
1,33.012380952380965,60.94523809523809,116.32523809523809,0.0
1,34.3495238095238,61.49857142857143,116.93761904761902,0.0
1,31.32428571428572,57.56952380952381,110.63190476190476,0.0
1,32.763333333333335,59.54809523809523,113.78619047619047,0.0
1,34.86095238095238,62.56809523809522,120.37380952380954,0.0
1,35.160952380952374,63.76761904761904,122.56190476190477,0.0
1,33.7447619047619,62.45095238095238,121.70714285714286,0.0
1,34.760952380952375,63.19666666666667,121.3695238095238,0.0
1,34.97666666666666,63.42190476190477,122.16714285714286,0.0
1,35.00619047619048,63.486666666666665,122.20523809523809,0.0
1,38.032380952380954,66.51619047619046,125.45285714285716,0.0
1,44.14714285714285,71.3,128.0542857142857,0.0
1,40.32619047619047,69.33666666666667,129.26190476190473,0.0
1,46.35523809523811,75.09095238095239,135.51142857142855,0.0
1,45.971428571428575,75.99666666666666,138.24285714285713,0.0
1,48.798095238095236,78.91904761904762,142.1190476190476,0.0
1,48.777142857142856,80.52285714285715,147.67761904761903,0.0
1,44.228571428571435,76.2152380952381,142.32761904761904,0.0
1,42.9552380952381,74.56761904761905,139.2261904761905,0.0
1,39.977619047619044,70.68380952380951,133.5738095238095,0.0
1,41.21619047619048,72.34714285714286,135.5157142857143,0.0
1,42.71190476190476,73.56428571428572,136.58761904761903,0.0
1,49.66142857142857,77.33857142857143,137.50190476190477,0.0
1,48.784285714285716,76.16095238095238,135.5685714285714,0.0
1,46.954285714285724,74.01571428571431,132.78,0.0
1,36.179047619047616,63.074285714285715,119.35666666666665,0.0
1,34.61238095238097,60.51523809523809,114.18571428571427,0.0
1,32.80285714285715,58.379523809523825,111.49809523809522,0.0
1,19.10190476190476,42.07238095238095,90.74571428571429,0.0
1,29.14714285714286,57.650952380952376,119.99238095238094,0.0
1,28.0347619047619,56.31238095238095,118.35857142857142,0.0
1,27.87857142857143,56.24380952380953,118.22666666666663,0.0
1,28.529047619047624,57.086190476190474,119.41285714285715,0.0
1,28.11809523809524,56.18380952380953,117.02714285714285,0.0
1,29.240952380952383,59.527142857142856,124.19476190476189,0.0
1,28.50142857142857,58.77333333333333,123.3080952380952,0.0
1,27.856666666666673,58.30571428571428,122.55095238095237,0.0
1,27.519047619047612,57.56047619047619,121.7452380952381,0.0
1,26.30952380952381,55.95142857142857,118.6066666666667,0.0
1,25.326190476190476,54.41809523809523,116.20142857142858,0.0
1,24.296190476190482,52.37190476190477,112.25,0.0
1,23.801904761904765,50.82333333333333,109.27000000000001,0.0
1,22.14095238095238,47.76095238095238,102.81095238095241,0.0
1,22.42952380952381,45.31333333333333,93.62904761904763,0.0
1,26.69238095238095,52.63761904761904,105.36380952380952,0.0
1,37.76809523809523,67.26571428571428,126.97190476190475,0.0
1,50.961904761904755,83.9842857142857,154.44666666666666,0.0
1,62.67000000000001,97.1285714285714,172.70285714285717,0.0
1,77.38952380952381,97.3057142857143,141.85333333333335,0.0
1,61.65047619047618,96.61333333333334,171.19619047619048,0.0
1,60.46619047619048,93.87952380952382,166.09047619047618,0.0
1,57.91904761904762,89.53666666666666,157.42190476190476,0.0
1,55.28476190476189,85.7104761904762,151.5009523809524,0.0
1,53.74952380952382,83.53285714285715,147.08380952380952,0.0
1,52.34571428571429,82.46476190476191,145.82809523809524,0.0
1,52.58238095238095,82.36428571428571,145.18047619047618,0.0
1,52.88238095238094,82.6242857142857,145.41047619047617,0.0
1,53.61952380952381,83.84904761904762,148.6904761904762,0.0
1,54.0204761904762,84.48142857142858,149.0347619047619,0.0
1,55.212380952380954,86.25714285714285,151.7214285714286,0.0
1,55.67380952380953,86.11333333333334,151.1690476190476,0.0
1,58.519047619047626,90.20952380952382,159.71,0.0
1,53.727619047619044,84.0495238095238,149.75285714285715,0.0
1,53.701904761904764,83.31952380952382,146.26571428571427,0.0
1,52.50238095238095,82.07095238095238,145.4333333333333,0.0
1,51.94714285714285,80.96571428571427,143.25904761904764,0.0
1,50.88904761904762,80.15095238095238,141.55571428571426,0.0
1,51.7947619047619,80.71857142857141,141.82666666666665,0.0
1,52.71333333333333,82.11047619047619,144.68000000000004,0.0
1,51.49619047619047,80.62619047619049,141.7757142857143,0.0
1,52.43571428571429,81.39666666666665,143.47285714285712,0.0
1,52.970000000000006,82.34571428571428,144.43714285714287,0.0
1,54.720476190476184,85.31428571428572,151.11190476190473,0.0
1,57.49380952380954,87.18952380952383,152.6180952380952,0.0
1,50.92476190476191,79.05714285714282,139.197619047619,0.0
1,51.00238095238096,78.8252380952381,138.49761904761905,0.0
1,50.62809523809524,78.21714285714286,137.9195238095238,0.0
1,49.75523809523811,77.6242857142857,136.38142857142853,0.0
1,25.670476190476194,55.62095238095239,121.01904761904763,0.0
1,31.80714285714286,63.8795238095238,130.5547619047619,0.0
1,32.22380952380953,63.4904761904762,130.19857142857143,0.0
1,32.03142857142857,63.711904761904776,130.3271428571429,0.0
1,31.197142857142858,62.36142857142859,128.05761904761908,0.0
1,30.126666666666672,61.00666666666666,126.93190476190478,0.0
1,30.09904761904762,60.837619047619036,126.89714285714291,0.0
1,28.85238095238095,59.052380952380936,123.15142857142861,0.0
1,29.283809523809527,59.62809523809524,123.69809523809525,0.0
1,28.9595238095238,59.080952380952375,124.18476190476187,0.0
1,28.533333333333335,58.3747619047619,123.69809523809523,0.0
1,29.31952380952381,59.13095238095238,123.81476190476194,0.0
1,30.5647619047619,60.80428571428573,125.4161904761905,0.0
1,33.212857142857146,64.11380952380951,128.60857142857145,0.0
1,35.88285714285715,67.70380952380954,134.35142857142858,0.0
1,39.72809523809524,72.70095238095239,140.9114285714286,0.0
1,42.647619047619045,77.02000000000001,147.77428571428575,0.0
1,43.25333333333334,78.09571428571431,149.67000000000002,0.0
1,50.421904761904756,85.01999999999998,157.19761904761904,0.0
1,51.3752380952381,86.97285714285714,160.52571428571432,0.0
1,52.60809523809524,87.65380952380954,160.86238095238096,0.0
1,50.884285714285724,87.28904761904762,163.1590476190476,0.0
1,54.81095238095237,91.36333333333334,169.78952380952376,0.0
1,54.91142857142857,91.23714285714287,168.74809523809526,0.0
1,55.12619047619047,89.96142857142858,163.61809523809526,0.0
1,54.20047619047618,85.60000000000002,152.8295238095238,0.0
1,51.768095238095235,77.80333333333331,134.71238095238095,0.0
1,43.7795238095238,68.30761904761904,119.85428571428572,0.0
1,37.75857142857143,62.6247619047619,113.51095238095238,0.0
1,33.60047619047619,58.891904761904776,109.99,0.0
1,36.42,60.702857142857134,108.67857142857143,0.0
1,41.60714285714286,64.04,111.01857142857145,0.0
1,46.54761904761905,73.09809523809524,125.96666666666667,0.0
1,37.76761904761904,66.50285714285715,125.33571428571427,0.0
1,34.94904761904762,63.22523809523808,122.67666666666669,0.0
1,33.74142857142857,61.450952380952394,119.76333333333336,0.0
1,28.75904761904762,55.31047619047621,111.07571428571427,0.0
1,27.022857142857138,46.853809523809524,91.04380952380953,0.0
1,36.94857142857143,57.04,98.1552380952381,0.0
1,38.277142857142856,59.37333333333332,101.16238095238094,0.0
1,62.25761904761905,95.35904761904762,163.02095238095234,0.0
1,55.577619047619045,87.16666666666667,150.73857142857142,0.0
1,46.17285714285714,76.21904761904764,135.44190476190474,0.0
1,38.897619047619045,66.96714285714286,123.53761904761902,0.0
1,38.71714285714285,66.67095238095239,122.4604761904762,0.0
1,38.410952380952374,66.05285714285715,121.06333333333333,0.0
1,38.82523809523809,66.6847619047619,122.60190476190478,0.0
1,38.31476190476191,65.86761904761906,120.8009523809524,0.0
1,39.80285714285715,67.59571428571428,123.4795238095238,0.0
1,38.504285714285714,65.86285714285715,121.44809523809525,0.0
1,39.52571428571429,67.07523809523809,123.03476190476192,0.0
1,40.19428571428572,68.15238095238094,124.68952380952385,0.0
1,36.78333333333334,62.776666666666664,113.99857142857142,0.0
1,42.462380952380954,67.44428571428573,117.96904761904764,0.0
1,43.97904761904762,69.32190476190476,119.89666666666666,0.0
1,50.82333333333333,77.24047619047619,131.75619047619048,0.0
1,50.23047619047619,76.33619047619048,131.9714285714286,0.0
1,49.75,75.77714285714288,130.8833333333333,0.0
1,50.08380952380952,76.5795238095238,132.03571428571428,0.0
1,48.79571428571429,75.40190476190476,131.8757142857143,0.0
1,49.850476190476186,76.98238095238094,133.99714285714285,0.0
1,51.841904761904765,79.6247619047619,137.78619047619046,0.0
1,53.74285714285714,81.79857142857142,140.4790476190476,0.0
1,56.60000000000001,85.45380952380954,145.15047619047613,0.0
1,60.108571428571416,89.45238095238095,151.0223809523809,0.0
1,62.40142857142858,91.9190476190476,155.00142857142856,0.0
1,64.42809523809525,95.59428571428573,161.31333333333336,0.0
1,65.87571428571428,97.17095238095239,163.39666666666665,0.0
1,67.92523809523811,99.57380952380953,167.10333333333332,0.0
1,67.83619047619047,99.90238095238092,167.74238095238093,0.0
1,68.52571428571429,100.89666666666669,169.71000000000004,0.0
1,69.3404761904762,101.59095238095237,170.39142857142855,0.0
1,69.38380952380952,101.94142857142857,171.79952380952378,0.0
1,69.44999999999999,102.07523809523809,172.0547619047619,0.0
1,69.10666666666668,101.44619047619047,170.45761904761906,0.0
1,69.02333333333334,102.06714285714285,173.167619047619,0.0
1,69.32333333333334,102.04476190476191,171.86523809523808,0.0
1,69.34,102.25809523809522,173.22428571428577,0.0
1,69.29523809523809,102.18523809523809,173.1628571428571,0.0
1,69.41761904761904,102.22428571428574,172.92,0.0
1,66.42238095238096,98.1495238095238,166.65047619047616,0.0
1,64.01809523809524,96.8185714285714,165.52380952380955,0.0
1,66.68714285714286,100.5195238095238,171.31571428571428,0.0
1,66.4409523809524,100.3157142857143,171.26238095238094,0.0
1,44.08142857142857,72.90761904761905,132.68476190476193,0.0
1,43.431428571428576,72.96666666666667,138.50047619047618,0.0
1,26.244285714285713,48.74238095238095,100.88190476190476,0.0
1,19.222857142857144,39.144285714285715,88.7047619047619,0.0
1,20.058571428571426,40.28761904761905,90.00571428571429,0.0
1,21.227619047619047,41.79142857142856,91.94047619047618,0.0
1,19.922857142857143,40.56142857142858,90.39761904761905,0.0
1,19.281428571428574,39.77095238095237,90.2804761904762,0.0
1,21.05666666666667,41.88047619047619,93.03666666666666,0.0
1,21.951904761904757,43.15904761904762,95.07238095238097,0.0
1,20.930476190476192,42.002857142857145,93.71619047619049,0.0
1,20.383333333333333,41.09809523809524,92.3504761904762,0.0
1,20.531904761904762,40.96047619047618,91.67666666666668,0.0
1,19.88428571428571,40.01000000000001,90.80809523809522,0.0
1,20.020476190476185,39.71333333333333,90.87380952380951,0.0
1,19.900952380952383,39.73904761904763,90.86761904761904,0.0
1,21.139523809523816,41.56047619047619,92.14142857142856,0.0
1,24.29380952380952,45.967619047619046,98.18809523809526,0.0
1,26.59333333333333,49.05380952380953,101.99761904761904,0.0
1,29.758571428571432,50.923333333333325,100.86666666666666,0.0
1,25.089523809523815,46.32619047619047,97.64047619047616,0.0
1,30.51,48.313809523809525,92.8095238095238,0.0
1,20.57142857142857,37.85666666666667,81.92476190476188,0.0
1,16.67809523809524,33.76476190476191,78.19952380952381,0.0
1,25.585238095238093,42.27047619047619,86.06238095238096,0.0
1,27.60333333333333,45.89857142857143,91.39190476190477,0.0
1,20.247142857142855,38.79857142857143,84.9090476190476,0.0
1,19.652857142857147,38.21238095238096,84.51571428571431,0.0
1,23.23,40.521904761904764,86.00809523809524,0.0
1,26.70476190476191,42.87095238095238,84.79190476190476,0.0
1,29.63952380952381,46.706190476190486,90.72523809523811,0.0
1,25.064761904761905,42.978095238095236,89.32523809523808,0.0
1,24.27047619047619,42.610952380952384,89.10666666666665,0.0
1,16.304285714285715,34.54571428571428,82.09190476190474,0.0
1,65.92380952380952,77.55952380952381,107.32095238095238,0.0
1,19.12095238095238,35.021428571428565,77.25285714285714,0.0
1,24.90904761904762,44.75380952380952,86.18190476190476,0.0
1,35.7447619047619,53.5052380952381,88.73428571428573,0.0
1,35.18047619047619,52.88714285714285,88.65619047619046,0.0
1,42.95571428571428,65.02238095238096,110.41380952380953,0.0
1,38.03666666666667,60.92857142857144,109.27666666666667,0.0
1,34.17142857142858,56.03000000000001,103.42333333333335,0.0
1,26.81095238095238,45.689523809523806,88.61333333333333,0.0
1,27.965238095238096,44.360952380952384,80.80571428571429,0.0
1,25.41333333333333,39.94380952380953,71.4452380952381,0.0
1,26.378571428571426,39.94285714285714,68.85476190476192,0.0
1,24.52,37.182857142857145,64.55523809523808,0.0
1,22.525714285714283,34.89190476190477,61.55761904761905,0.0
1,19.733809523809523,31.54190476190476,56.463809523809516,0.0
1,19.994285714285713,31.82333333333333,57.00523809523809,0.0
1,22.683809523809526,35.22238095238095,62.01380952380952,0.0
1,22.73714285714286,35.79380952380953,63.41952380952381,0.0
1,27.40809523809524,42.83047619047619,77.74238095238096,0.0
1,33.30428571428571,52.88666666666667,95.64666666666666,0.0
1,41.02904761904761,65.00047619047618,115.67238095238092,0.0
1,30.262857142857143,47.209523809523816,81.7052380952381,0.0
1,31.14761904761904,48.561904761904756,84.27000000000001,0.0
1,28.993333333333332,45.75142857142856,81.26523809523809,0.0
1,18.91238095238095,37.371904761904766,81.23619047619047,0.0
1,17.989047619047625,38.41095238095239,87.72523809523811,0.0
1,15.964285714285714,35.436190476190475,81.2642857142857,0.0
1,15.070476190476189,33.06476190476191,74.33666666666667,0.0
1,15.413809523809524,33.16952380952381,73.51714285714286,0.0
1,13.449047619047619,29.99571428571429,67.31428571428572,0.0
1,13.689523809523807,30.230476190476185,68.10095238095239,0.0
1,14.278095238095235,30.120952380952385,68.00047619047619,0.0
1,16.123809523809523,33.58952380952382,74.60142857142857,0.0
1,20.416190476190476,39.58047619047619,84.24285714285715,0.0
1,21.125238095238096,41.213809523809516,88.19190476190477,0.0
1,22.44571428571428,43.698095238095235,93.04714285714286,0.0
1,23.360476190476184,45.64619047619049,96.27809523809522,0.0
1,21.455238095238094,42.90523809523808,91.47476190476192,0.0
1,23.55714285714286,44.17142857142857,89.85666666666667,0.0
1,22.60952380952381,42.618095238095236,88.16238095238094,0.0
1,22.884285714285713,43.17190476190477,88.4204761904762,0.0
1,29.422857142857143,49.14095238095237,93.9647619047619,0.0
1,26.978095238095236,46.42142857142857,89.51761904761906,0.0
1,55.233333333333334,71.76476190476188,105.3380952380952,0.0
1,40.271428571428565,61.790476190476184,108.47142857142858,0.0
1,27.810952380952386,50.14714285714287,101.49047619047617,0.0
1,29.462380952380954,51.6852380952381,101.95952380952382,0.0
1,29.057619047619045,51.29190476190475,102.05190476190475,0.0
1,29.59095238095238,52.36,104.05333333333336,0.0
1,19.8852380952381,37.95952380952381,83.93,0.0
1,34.32380952380953,60.29904761904762,118.63428571428572,0.0
1,33.784285714285716,60.07666666666666,117.8452380952381,0.0
1,28.829047619047618,54.36190476190476,110.98809523809521,0.0
1,27.139047619047624,52.36904761904762,107.29095238095239,0.0
1,24.71619047619048,49.32047619047619,102.87000000000002,0.0
1,25.2352380952381,48.838571428571434,101.07428571428574,0.0
1,28.56428571428571,51.33428571428573,101.91523809523811,0.0
1,25.841428571428576,47.84857142857143,100.78619047619048,0.0
1,26.430952380952373,49.93904761904761,105.20142857142858,0.0
1,48.978095238095236,76.71476190476191,137.25857142857143,0.0
1,45.75095238095238,74.0442857142857,137.50571428571428,0.0
1,47.45904761904762,76.18095238095238,140.60523809523806,0.0
1,55.921904761904756,85.4380952380952,147.41809523809522,0.0
1,56.67619047619048,87.47047619047618,149.8085714285714,0.0
1,72.71666666666667,100.60190476190476,156.10571428571427,0.0
1,56.85285714285713,87.05238095238094,151.66285714285715,0.0
1,55.50857142857142,85.22380952380952,149.90857142857143,0.0
1,55.914761904761896,85.38428571428571,149.61857142857144,0.0
1,54.785238095238086,84.45190476190477,149.28714285714284,0.0
1,54.44095238095238,84.00095238095238,149.02714285714288,0.0
1,53.87238095238095,83.31619047619047,148.49904761904764,0.0
1,53.87571428571429,84.09380952380953,149.29952380952383,0.0
1,54.95761904761904,84.14190476190475,149.26238095238094,0.0
1,53.65333333333332,82.72095238095237,146.83999999999997,0.0
1,72.20095238095237,97.63047619047617,150.51857142857145,0.0
1,72.7795238095238,95.9095238095238,145.97047619047618,0.0
1,82.27952380952382,104.07047619047619,151.3857142857143,0.0
1,84.3004761904762,103.03285714285714,145.2676190476191,0.0
1,71.80857142857141,88.54714285714287,129.84809523809528,0.0
1,38.81285714285715,59.89142857142859,110.96619047619049,0.0
1,25.076190476190483,45.911428571428566,97.77380952380952,0.0
1,19.44,38.2595238095238,86.52904761904763,0.0
1,17.312857142857148,34.09857142857143,78.08809523809525,0.0
1,14.144761904761905,28.825238095238102,67.47952380952381,0.0
1,14.68809523809524,25.873809523809523,55.117142857142845,0.0
1,41.98476190476191,48.16857142857143,65.51666666666664,0.0
1,63.44571428571429,81.6590476190476,123.18142857142857,0.0
1,60.33571428571428,84.70380952380953,137.24809523809523,0.0
1,76.55285714285714,94.70190476190476,131.1709523809524,0.0
1,58.93380952380953,83.8185714285714,137.3847619047619,0.0
1,48.99952380952381,71.49571428571429,122.16190476190475,0.0
1,43.760952380952375,65.59571428571428,115.61714285714285,0.0
1,40.760000000000005,62.93285714285714,114.19857142857143,0.0
1,39.663809523809526,61.719523809523814,113.28619047619048,0.0
1,39.11238095238095,61.62619047619048,113.0138095238095,0.0
1,72.3295238095238,92.55714285714286,134.5252380952381,0.0
1,39.69190476190476,62.37095238095238,113.23809523809526,0.0
1,39.263333333333335,61.65190476190477,112.87333333333333,0.0
1,38.44761904761905,61.01999999999998,112.19095238095237,0.0
1,37.64857142857142,59.92142857142858,111.33571428571429,0.0
1,38.36428571428572,60.801904761904765,112.84190476190476,0.0
1,37.79714285714286,60.25333333333333,112.0604761904762,0.0
1,38.50666666666666,60.48619047619048,112.84857142857143,0.0
1,38.32809523809525,61.06952380952381,113.20285714285713,0.0
1,38.61285714285714,60.92666666666667,113.4,0.0
1,37.86333333333333,60.3847619047619,112.11857142857141,0.0
1,38.9004761904762,61.70857142857143,113.4952380952381,0.0
1,38.69285714285714,61.472857142857144,113.79380952380954,0.0
1,39.176190476190484,61.93142857142857,114.23238095238094,0.0
1,39.79857142857143,62.91095238095237,115.45095238095237,0.0
1,39.11571428571428,61.64714285714284,114.14809523809522,0.0
1,40.09142857142857,62.574285714285715,115.03619047619048,0.0
1,39.11,61.92190476190477,114.32476190476189,0.0
1,40.49428571428571,63.07904761904762,114.58238095238096,0.0
1,55.8195238095238,74.18571428571428,117.07190476190475,0.0
1,109.17142857142856,111.32238095238093,116.32095238095235,0.0
1,41.53333333333333,61.57190476190476,106.82761904761905,0.0
1,36.388571428571424,54.74238095238096,96.37619047619049,0.0
1,41.87380952380952,63.51095238095239,115.12666666666668,0.0
1,41.48380952380952,62.8704761904762,114.21285714285716,0.0
1,40.82619047619047,62.79190476190475,113.65809523809524,0.0
1,42.06476190476191,64.49333333333331,116.66380952380953,0.0
1,41.65476190476191,63.573333333333345,115.27523809523808,0.0
1,41.891904761904755,64.1495238095238,116.10476190476192,0.0
1,41.77857142857143,64.12380952380953,115.69428571428573,0.0
1,41.486666666666665,63.22380952380953,115.04904761904763,0.0
1,40.978095238095236,63.17714285714286,114.88428571428572,0.0
1,40.78047619047617,62.385238095238094,112.98999999999998,0.0
1,40.67571428571429,62.292380952380945,113.61714285714284,0.0
1,40.0452380952381,61.83380952380952,113.01523809523808,0.0
1,39.28761904761906,60.96380952380952,111.60809523809523,0.0
1,40.14523809523809,62.074761904761914,114.12238095238096,0.0
1,37.12714285714286,58.236666666666665,108.93285714285713,0.0
1,37.33428571428571,58.30333333333334,109.19904761904763,0.0
1,36.790952380952376,57.603809523809524,108.15666666666667,0.0
1,38.542380952380945,59.61809523809525,110.57619047619048,0.0
1,42.28380952380952,63.59428571428572,114.66333333333334,0.0
1,41.39190476190477,64.2804761904762,117.77571428571429,0.0
1,41.26428571428572,63.66238095238096,117.16904761904765,0.0
1,41.16571428571427,63.69619047619048,117.51428571428572,0.0
1,40.55952380952382,62.31476190476191,114.37714285714286,0.0
1,40.50857142857143,62.16857142857142,113.63285714285715,0.0
1,40.0052380952381,61.31857142857141,112.8685714285714,0.0
1,39.60857142857143,60.73904761904762,111.29238095238095,0.0
1,40.04761904761905,61.787619047619046,113.7447619047619,0.0
1,40.63095238095238,61.69285714285713,112.96,0.0
1,40.7247619047619,63.38380952380952,115.84428571428572,0.0
1,40.213809523809516,63.43285714285715,116.78285714285713,0.0
1,38.565238095238094,61.549523809523805,114.41809523809525,0.0
1,51.89952380952381,70.06095238095239,113.81285714285715,0.0
1,26.067142857142855,44.463809523809516,88.45761904761906,0.0
1,28.830000000000002,39.31571428571429,65.97571428571426,0.0
1,24.06333333333333,40.21,81.63571428571429,0.0
1,30.615238095238094,55.52047619047618,114.4742857142857,0.0
1,36.79904761904762,62.50714285714284,123.56952380952383,0.0
1,34.685238095238084,60.0947619047619,120.91952380952381,0.0
1,32.50619047619047,57.658571428571435,118.59238095238095,0.0
1,30.950000000000003,55.986666666666665,117.06666666666668,0.0
1,30.27666666666666,54.89952380952381,115.07285714285715,0.0
1,29.988571428571422,54.31809523809523,114.04476190476193,0.0
1,29.66238095238095,54.00190476190476,113.42952380952379,0.0
1,28.373809523809523,52.40190476190475,111.1061904761905,0.0
1,28.47857142857143,52.54095238095239,110.91333333333333,0.0
1,28.450952380952376,52.42000000000001,110.59666666666668,0.0
1,27.972857142857144,51.791428571428575,109.96428571428574,0.0
1,27.225238095238097,50.90190476190477,108.79952380952379,0.0
1,18.61904761904762,38.94095238095238,90.6552380952381,0.0
1,30.223333333333336,56.22619047619047,118.0742857142857,0.0
1,33.0852380952381,59.825238095238106,122.37,0.0
1,32.69333333333334,59.66952380952382,122.18619047619045,0.0
1,32.25571428571429,59.1752380952381,120.96333333333334,0.0
1,33.60047619047619,60.88761904761904,123.41809523809525,0.0
1,34.05571428571429,61.16285714285717,124.02285714285712,0.0
1,33.691428571428574,59.96999999999999,122.62190476190476,0.0
1,32.64333333333333,59.83190476190477,122.78904761904765,0.0
1,33.46857142857143,60.64809523809523,122.94380952380955,0.0
1,32.2452380952381,59.14047619047619,121.72809523809524,0.0
1,32.85666666666667,59.94666666666666,122.40666666666668,0.0
1,29.46952380952381,55.75619047619048,117.14666666666669,0.0
1,26.04952380952381,49.268571428571434,105.25428571428571,0.0
1,35.738095238095234,50.77238095238094,85.25190476190477,0.0
1,52.308571428571426,66.38047619047617,96.67333333333335,0.0
1,41.596666666666664,67.40333333333332,124.42476190476194,0.0
1,36.794761904761906,61.07285714285714,116.55761904761906,0.0
1,36.21523809523809,60.44619047619047,115.65190476190476,0.0
1,36.943809523809534,60.78000000000001,115.80666666666667,0.0
1,34.09142857142857,58.56238095238095,114.22809523809524,0.0
1,35.7552380952381,60.265714285714296,115.93095238095236,0.0
1,34.36857142857142,59.27142857142859,114.96857142857141,0.0
1,34.23904761904761,59.082857142857144,114.77809523809525,0.0
1,33.63047619047619,58.09714285714286,113.19238095238097,0.0
1,33.01380952380953,56.85619047619048,111.28952380952379,0.0
1,32.49333333333334,56.67666666666667,111.59285714285713,0.0
1,32.87571428571428,57.00142857142858,111.74238095238094,0.0
1,33.056190476190466,56.87190476190476,111.56666666666668,0.0
1,32.07380952380952,55.582857142857144,109.42333333333333,0.0
1,32.31904761904762,55.94380952380952,110.3119047619048,0.0
1,32.887142857142855,56.451904761904764,110.34619047619047,0.0
1,16.92333333333333,30.013333333333332,60.19333333333331,0.0
1,20.372380952380954,32.37714285714286,61.921428571428564,0.0
1,50.36952380952381,76.19095238095238,132.5604761904762,0.0
1,51.272857142857156,76.38428571428574,131.33904761904762,0.0
1,38.88380952380952,63.487142857142835,117.14904761904765,0.0
1,86.49428571428571,98.34666666666668,123.96857142857144,0.0
1,39.441428571428574,64.10809523809523,118.55428571428573,0.0
1,37.8447619047619,62.17714285714286,116.5961904761905,0.0
1,97.43285714285715,104.89809523809524,120.70761904761905,0.0
1,49.739999999999995,70.54047619047618,120.38047619047617,0.0
1,50.51857142857142,71.88904761904762,122.69952380952381,0.0
1,41.94857142857143,64.37952380952382,112.96333333333331,0.0
1,31.105238095238096,54.72857142857143,113.74619047619046,0.0
1,27.910476190476192,51.472380952380945,109.17238095238095,0.0
1,31.534761904761904,54.73476190476192,111.3890476190476,0.0
1,33.21761904761905,57.149523809523814,114.19809523809525,0.0
1,33.24904761904762,57.21666666666666,115.02952380952381,0.0
1,32.972857142857144,57.1647619047619,116.11000000000001,0.0
1,34.90238095238095,60.07095238095239,119.22761904761906,0.0
1,47.261428571428574,71.03523809523809,124.80476190476189,0.0
1,38.95476190476192,63.98380952380952,122.30142857142859,0.0
1,32.79571428571429,57.506666666666675,117.52333333333333,0.0
1,33.91761904761904,59.20714285714286,118.9495238095238,0.0
1,35.009523809523806,60.70857142857143,120.26857142857142,0.0
1,38.46809523809524,64.59476190476191,124.1347619047619,0.0
1,39.77666666666668,65.5590476190476,125.1909523809524,0.0
1,41.51095238095238,65.12190476190477,121.19142857142857,0.0
1,52.50476190476189,74.66190476190475,125.25714285714287,0.0
1,45.66857142857142,67.07047619047619,116.8847619047619,0.0
1,44.57952380952382,64.21523809523812,110.80571428571432,0.0
1,32.419047619047625,49.36714285714286,91.92857142857144,0.0
1,28.96809523809524,42.635714285714286,77.33714285714284,0.0
1,29.401428571428568,43.21999999999999,79.52761904761903,0.0
1,62.75714285714285,74.93380952380953,108.65666666666664,0.0
1,36.58428571428572,51.423333333333325,86.14428571428573,0.0
1,46.644285714285715,65.98761904761905,109.33809523809525,0.0
1,70.22714285714288,80.47428571428571,102.98333333333333,0.0
1,39.41380952380952,61.220476190476205,110.92523809523809,0.0
1,37.04809523809523,58.3604761904762,106.93333333333331,0.0
1,33.957619047619055,55.061904761904756,103.79809523809524,0.0
1,29.57571428571428,51.541428571428575,100.5104761904762,0.0
1,30.46047619047619,51.67238095238095,101.35142857142857,0.0
1,29.281428571428574,50.33476190476189,99.62238095238096,0.0
1,29.08095238095238,50.08761904761904,99.87285714285714,0.0
1,29.14285714285714,50.72619047619049,100.07619047619049,0.0
1,29.320952380952388,51.019523809523804,101.37095238095236,0.0
1,29.652857142857144,51.698571428571434,102.65857142857145,0.0
1,31.45904761904763,53.776666666666664,105.13285714285712,0.0
1,33.329047619047614,55.6304761904762,106.74238095238094,0.0
1,40.341904761904765,63.17047619047619,115.59285714285713,0.0
1,63.14380952380951,75.68238095238095,104.53095238095241,0.0
1,40.50333333333334,65.4795238095238,119.91095238095238,0.0
1,41.13809523809523,65.19285714285715,115.97619047619045,0.0
1,32.93047619047619,52.96523809523811,96.21761904761904,0.0
1,25.704285714285714,38.79095238095238,68.59952380952382,0.0
1,14.902857142857144,27.13523809523809,55.63571428571429,0.0
1,14.563333333333336,29.003333333333337,64.75761904761904,0.0
1,19.22761904761905,37.14523809523809,80.2547619047619,0.0
1,26.02333333333333,45.33761904761906,92.1052380952381,0.0
1,36.10142857142856,58.17190476190477,108.69619047619045,0.0
1,27.26714285714285,52.45666666666666,106.41619047619047,0.0
1,29.421428571428567,57.17619047619048,115.63238095238094,0.0
1,30.254285714285714,58.24809523809523,115.33095238095237,0.0
1,38.93666666666667,71.84333333333332,142.1038095238095,0.0
1,35.87571428571429,66.28380952380951,129.6695238095238,0.0
1,35.72571428571429,65.65380952380953,128.06333333333336,0.0
1,34.58142857142857,61.79761904761905,115.87761904761904,0.0
1,47.21809523809523,74.81809523809522,133.65714285714284,0.0
1,35.01761904761904,62.6895238095238,117.37523809523807,0.0
1,31.989047619047614,59.59619047619045,113.05761904761906,0.0
1,22.432380952380953,48.40523809523808,100.36238095238097,0.0
1,12.965714285714284,30.793333333333337,72.82809523809524,0.0
1,13.27095238095238,28.893809523809523,66.63761904761903,0.0
1,14.567142857142859,30.269047619047612,68.89904761904762,0.0
1,22.21142857142857,31.937619047619044,53.15666666666667,0.0
1,27.074761904761914,42.4,74.47571428571429,0.0
1,31.520952380952384,47.13571428571429,80.5,0.0
1,30.75380952380952,47.861428571428576,82.96952380952382,0.0
1,72.36238095238096,87.96666666666667,124.69571428571427,0.0
1,52.33285714285715,71.52095238095238,117.66761904761904,0.0
1,40.29952380952381,60.135238095238094,107.97476190476189,0.0
1,31.072857142857146,54.99666666666667,110.04285714285714,0.0
1,29.600952380952382,54.598095238095226,112.44380952380955,0.0
1,30.32857142857143,55.74238095238095,114.25238095238092,0.0
1,32.96,58.56285714285715,117.37142857142855,0.0
1,28.289047619047622,52.27666666666668,109.56666666666668,0.0
1,27.038571428571426,48.98952380952381,101.97476190476189,0.0
1,23.190476190476193,37.049523809523805,69.54666666666668,0.0
1,22.786666666666672,40.000952380952384,80.89714285714285,0.0
